id,driver_ref,name,first_name,last_name,date_of_birth,nationality,number,code,url
1,abate,Carlo Abate,Carlo,Abate,1932-07-10,Italian,,,http://en.wikipedia.org/wiki/Carlo_Mario_Abate
2,abecassis,George Abecassis,George,Abecassis,1913-03-21,British,,,http://en.wikipedia.org/wiki/George_Abecassis
3,acheson,Kenny Acheson,Kenny,Acheson,1957-11-27,British,,,http://en.wikipedia.org/wiki/Kenny_Acheson
4,adams,Philippe Adams,Philippe,Adams,1969-11-19,Belgian,,,http://en.wikipedia.org/wiki/Philippe_Adams
5,ader,Walt Ader,Walt,Ader,1913-12-15,American,,,http://en.wikipedia.org/wiki/Walt_Ader
6,adolff,Kurt Adolff,Kurt,Adolff,1921-11-05,German,,,http://en.wikipedia.org/wiki/Kurt_Adolff
7,agabashian,Fred Agabashian,Fred,Agabashian,1913-08-21,American,,,http://en.wikipedia.org/wiki/Fred_Agabashian
8,ahrens,Kurt Ahrens,Kurt,Ahrens,1940-04-19,German,,,"http://en.wikipedia.org/wiki/Kurt_Ahrens,_Jr."
9,aitken,Jack Aitken,Jack,Aitken,1995-09-23,British,89,AIT,http://en.wikipedia.org/wiki/Jack_Aitken
10,albers,Christijan Albers,Christijan,Albers,1979-04-16,Dutch,,ALB,http://en.wikipedia.org/wiki/Christijan_Albers
11,albon,Alexander Albon,Alexander,Albon,1996-03-23,Thai,23,ALB,http://en.wikipedia.org/wiki/Alexander_Albon
12,alboreto,Michele Alboreto,Michele,Alboreto,1956-12-23,Italian,,,http://en.wikipedia.org/wiki/Michele_Alboreto
13,alesi,Jean Alesi,Jean,Alesi,1964-06-11,French,,,http://en.wikipedia.org/wiki/Jean_Alesi
14,alguersuari,Jaime Alguersuari,Jaime,Alguersuari,1990-03-23,Spanish,,ALG,http://en.wikipedia.org/wiki/Jaime_Alguersuari
15,alliot,Philippe Alliot,Philippe,Alliot,1954-07-27,French,,,http://en.wikipedia.org/wiki/Philippe_Alliot
16,allison,Cliff Allison,Cliff,Allison,1932-02-08,British,,,http://en.wikipedia.org/wiki/Cliff_Allison
17,alonso,Fernando Alonso,Fernando,Alonso,1981-07-29,Spanish,14,ALO,http://en.wikipedia.org/wiki/Fernando_Alonso
18,amati,Giovanna Amati,Giovanna,Amati,1959-07-20,Italian,,,http://en.wikipedia.org/wiki/Giovanna_Amati
19,george_amick,George Amick,George,Amick,1924-10-24,American,,,http://en.wikipedia.org/wiki/George_Amick
20,amick,Red Amick,Red,Amick,1929-01-19,American,,,http://en.wikipedia.org/wiki/Red_Amick
21,amon,Chris Amon,Chris,Amon,1943-07-20,New Zealander,,,http://en.wikipedia.org/wiki/Chris_Amon
22,anderson,Bob Anderson,Bob,Anderson,1931-05-19,British,,,http://en.wikipedia.org/wiki/Bob_Anderson_(racing_driver)
23,andersson,Conny Andersson,Conny,Andersson,1939-12-28,Swedish,,,http://en.wikipedia.org/wiki/Conny_Andersson_(racing_driver)
24,mario_andretti,Mario Andretti,Mario,Andretti,1940-02-28,American,,,http://en.wikipedia.org/wiki/Mario_Andretti
25,andretti,Michael Andretti,Michael,Andretti,1962-10-05,American,,,http://en.wikipedia.org/wiki/Michael_Andretti
26,andrews,Keith Andrews,Keith,Andrews,1920-06-15,American,,,http://en.wikipedia.org/wiki/Keith_Andrews_(driver)
27,antonelli,Andrea Kimi Antonelli,Andrea Kimi,Antonelli,2006-08-25,Italian,12,ANT,https://en.wikipedia.org/wiki/Andrea_Kimi_Antonelli
28,apicella,Marco Apicella,Marco,Apicella,1965-10-07,Italian,,,http://en.wikipedia.org/wiki/Marco_Apicella
29,armi,Frank Armi,Frank,Armi,1918-10-12,American,,,http://en.wikipedia.org/wiki/Frank_Armi
30,arnold,Chuck Arnold,Chuck,Arnold,1926-05-30,American,,,http://en.wikipedia.org/wiki/Chuck_Arnold
31,arnoux,René Arnoux,René,Arnoux,1948-07-04,French,,,http://en.wikipedia.org/wiki/Ren%C3%A9_Arnoux
32,paul_aron,Paul Aron,Paul,Aron,,Unknown,,,
33,arundell,Peter Arundell,Peter,Arundell,1933-11-08,British,,,http://en.wikipedia.org/wiki/Peter_Arundell
34,ascari,Alberto Ascari,Alberto,Ascari,1918-07-13,Italian,,,http://en.wikipedia.org/wiki/Alberto_Ascari
35,ashdown,Peter Ashdown,Peter,Ashdown,1934-10-16,British,,,http://en.wikipedia.org/wiki/Peter_Ashdown
36,ashley,Ian Ashley,Ian,Ashley,1947-10-26,British,,,http://en.wikipedia.org/wiki/Ian_Ashley
37,ashmore,Gerry Ashmore,Gerry,Ashmore,1936-07-25,British,,,http://en.wikipedia.org/wiki/Gerry_Ashmore
38,aston,Bill Aston,Bill,Aston,1900-03-29,British,,,http://en.wikipedia.org/wiki/Bill_Aston
39,attwood,Richard Attwood,Richard,Attwood,1940-04-04,British,,,http://en.wikipedia.org/wiki/Richard_Attwood
40,ayulo,Manny Ayulo,Manny,Ayulo,1921-10-20,American,,,http://en.wikipedia.org/wiki/Manny_Ayulo
41,badoer,Luca Badoer,Luca,Badoer,1971-01-25,Italian,,BAD,http://en.wikipedia.org/wiki/Luca_Badoer
42,baghetti,Giancarlo Baghetti,Giancarlo,Baghetti,1934-12-25,Italian,,,http://en.wikipedia.org/wiki/Giancarlo_Baghetti
43,bailey,Julian Bailey,Julian,Bailey,1961-10-09,British,,,http://en.wikipedia.org/wiki/Julian_Bailey
44,baldi,Mauro Baldi,Mauro,Baldi,1954-01-31,Italian,,,http://en.wikipedia.org/wiki/Mauro_Baldi
45,ball,Bobby Ball,Bobby,Ball,1925-08-26,American,,,http://en.wikipedia.org/wiki/Bobby_Ball_(auto_racer)
46,balsa,Marcel Balsa,Marcel,Balsa,1909-01-01,French,,,http://en.wikipedia.org/wiki/Marcel_Balsa
47,bandini,Lorenzo Bandini,Lorenzo,Bandini,1935-12-21,Italian,,,http://en.wikipedia.org/wiki/Lorenzo_Bandini
48,banks,Henry Banks,Henry,Banks,1913-06-14,American,,,http://en.wikipedia.org/wiki/Henry_Banks
49,barbazza,Fabrizio Barbazza,Fabrizio,Barbazza,1963-04-02,Italian,,,http://en.wikipedia.org/wiki/Fabrizio_Barbazza
50,john_barber,John Barber,John,Barber,1929-07-22,British,,,http://en.wikipedia.org/wiki/John_Barber_(racing_driver)
51,barber,Skip Barber,Skip,Barber,1936-11-16,American,,,http://en.wikipedia.org/wiki/Skip_Barber
52,barilla,Paolo Barilla,Paolo,Barilla,1961-04-20,Italian,,,http://en.wikipedia.org/wiki/Paolo_Barilla
53,barrichello,Rubens Barrichello,Rubens,Barrichello,1972-05-23,Brazilian,,BAR,http://en.wikipedia.org/wiki/Rubens_Barrichello
54,bartels,Michael Bartels,Michael,Bartels,1968-03-08,German,,,http://en.wikipedia.org/wiki/Michael_Bartels
55,barth,Edgar Barth,Edgar,Barth,1917-01-26,German,,,http://en.wikipedia.org/wiki/Edgar_Barth
56,bassi,Giorgio Bassi,Giorgio,Bassi,1934-01-20,Italian,,,http://en.wikipedia.org/wiki/Giorgio_Bassi
57,bauer,Erwin Bauer,Erwin,Bauer,1912-07-17,German,,,http://en.wikipedia.org/wiki/Erwin_Bauer
58,baumgartner,Zsolt Baumgartner,Zsolt,Baumgartner,1981-01-01,Hungarian,,,http://en.wikipedia.org/wiki/Zsolt_Baumgartner
59,bayol,Élie Bayol,Élie,Bayol,1914-02-28,French,,,http://en.wikipedia.org/wiki/%C3%89lie_Bayol
60,bearman,Oliver Bearman,Oliver,Bearman,2005-05-08,British,87,BEA,http://en.wikipedia.org/wiki/Oliver_Bearman
61,beauman,Don Beauman,Don,Beauman,1928-07-26,British,,,http://en.wikipedia.org/wiki/Don_Beauman
62,bechem,Günther Bechem,Günther,Bechem,1921-12-21,German,,,http://en.wikipedia.org/wiki/G%C3%BCnther_Bechem
63,behra,Jean Behra,Jean,Behra,1921-02-16,French,,,http://en.wikipedia.org/wiki/Jean_Behra
64,bell,Derek Bell,Derek,Bell,1941-10-31,British,,,http://en.wikipedia.org/wiki/Derek_Bell_(auto_racer)
65,bellof,Stefan Bellof,Stefan,Bellof,1957-11-20,German,,,http://en.wikipedia.org/wiki/Stefan_Bellof
66,belmondo,Paul Belmondo,Paul,Belmondo,1963-04-23,French,,,http://en.wikipedia.org/wiki/Paul_Belmondo
67,belso,Tom Belsø,Tom,Belsø,1942-08-27,Danish,,,http://en.wikipedia.org/wiki/Tom_Bels%C3%B8
68,beltoise,Jean-Pierre Beltoise,Jean-Pierre,Beltoise,1937-04-26,French,,,http://en.wikipedia.org/wiki/Jean-Pierre_Beltoise
69,beretta,Olivier Beretta,Olivier,Beretta,1969-11-23,Monegasque,,,http://en.wikipedia.org/wiki/Olivier_Beretta
70,berg,Allen Berg,Allen,Berg,1961-08-01,Canadian,,,http://en.wikipedia.org/wiki/Allen_Berg
71,georges_berger,Georges Berger,Georges,Berger,1918-09-14,Belgian,,,http://en.wikipedia.org/wiki/Georges_Berger
72,berger,Gerhard Berger,Gerhard,Berger,1959-08-27,Austrian,,,http://en.wikipedia.org/wiki/Gerhard_Berger
73,bernard,Éric Bernard,Éric,Bernard,1964-08-24,French,,,http://en.wikipedia.org/wiki/%C3%89ric_Bernard
74,bernoldi,Enrique Bernoldi,Enrique,Bernoldi,1978-10-19,Brazilian,,,http://en.wikipedia.org/wiki/Enrique_Bernoldi
75,bertaggia,Enrico Bertaggia,Enrico,Bertaggia,1964-09-19,Italian,,,http://en.wikipedia.org/wiki/Enrico_Bertaggia
76,bettenhausen,Tony Bettenhausen,Tony,Bettenhausen,1916-09-12,American,,,http://en.wikipedia.org/wiki/Tony_Bettenhausen
77,beuttler,Mike Beuttler,Mike,Beuttler,1940-04-13,British,,,http://en.wikipedia.org/wiki/Mike_Beuttler
78,bianchi,Lucien Bianchi,Lucien,Bianchi,1934-11-10,Belgian,,,http://en.wikipedia.org/wiki/Lucien_Bianchi
79,jules_bianchi,Jules Bianchi,Jules,Bianchi,1989-08-03,French,17,BIA,http://en.wikipedia.org/wiki/Jules_Bianchi
80,bianco,Gino Bianco,Gino,Bianco,1916-07-22,Brazilian,,,http://en.wikipedia.org/wiki/Gino_Bianco
81,binder,Hans Binder,Hans,Binder,1948-06-12,Austrian,,,http://en.wikipedia.org/wiki/Hans_Binder
82,biondetti,Clemente Biondetti,Clemente,Biondetti,1898-08-18,Italian,,,http://en.wikipedia.org/wiki/Clemente_Biondetti
83,bira,Prince Bira,Prince,Bira,1914-07-15,Thai,,,http://en.wikipedia.org/wiki/Prince_Bira
84,birger,Pablo Birger,Pablo,Birger,1924-01-07,Argentine,,,http://en.wikipedia.org/wiki/Pablo_Birger
85,bisch,Art Bisch,Art,Bisch,1926-11-10,American,,,http://en.wikipedia.org/wiki/Art_Bisch
86,blanchard,Harry Blanchard,Harry,Blanchard,1929-06-13,American,,,http://en.wikipedia.org/wiki/Harry_Blanchard
87,bleekemolen,Michael Bleekemolen,Michael,Bleekemolen,1949-10-02,Dutch,,,http://en.wikipedia.org/wiki/Michael_Bleekemolen
88,blignaut,Alex Blignaut,Alex,Blignaut,1932-11-30,South African,,,http://en.wikipedia.org/wiki/Alex_Blignaut
89,blokdyk,Trevor Blokdyk,Trevor,Blokdyk,1935-11-30,South African,,,http://en.wikipedia.org/wiki/Trevor_Blokdyk
90,blundell,Mark Blundell,Mark,Blundell,1966-04-08,British,,,http://en.wikipedia.org/wiki/Mark_Blundell
91,boesel,Raul Boesel,Raul,Boesel,1957-12-04,Brazilian,,,http://en.wikipedia.org/wiki/Raul_Boesel
92,boffa,Menato Boffa,Menato,Boffa,1930-01-04,Italian,,,http://en.wikipedia.org/wiki/Menato_Boffa
93,bondurant,Bob Bondurant,Bob,Bondurant,1933-04-27,American,,,http://en.wikipedia.org/wiki/Bob_Bondurant
94,bonetto,Felice Bonetto,Felice,Bonetto,1903-06-09,Italian,,,http://en.wikipedia.org/wiki/Felice_Bonetto
95,bonnier,Jo Bonnier,Jo,Bonnier,1930-01-31,Swedish,,,http://en.wikipedia.org/wiki/Joakim_Bonnier
96,bonomi,Roberto Bonomi,Roberto,Bonomi,1919-09-30,Argentine,,,http://en.wikipedia.org/wiki/Roberto_Bonomi
97,bordeu,Juan Manuel Bordeu,Juan Manuel,Bordeu,1934-01-28,Argentine,,,http://en.wikipedia.org/wiki/Juan_Manuel_Bordeu
98,borgudd,Slim Borgudd,Slim,Borgudd,1946-11-25,Swedish,,,http://en.wikipedia.org/wiki/Slim_Borgudd
99,bortoleto,Gabriel Bortoleto,Gabriel,Bortoleto,2004-10-14,Brazilian,5,BOR,https://en.wikipedia.org/wiki/Gabriel_Bortoleto
100,botha,Luki Botha,Luki,Botha,1930-01-16,South African,,,http://en.wikipedia.org/wiki/Luki_Botha
101,bottas,Valtteri Bottas,Valtteri,Bottas,1989-08-28,Finnish,77,BOT,http://en.wikipedia.org/wiki/Valtteri_Bottas
102,boullion,Jean-Christophe Boullion,Jean-Christophe,Boullion,1969-12-27,French,,,http://en.wikipedia.org/wiki/Jean-Christophe_Boullion
103,bourdais,Sébastien Bourdais,Sébastien,Bourdais,1979-02-28,French,,BOU,http://en.wikipedia.org/wiki/S%C3%A9bastien_Bourdais
104,boutsen,Thierry Boutsen,Thierry,Boutsen,1957-07-13,Belgian,,,http://en.wikipedia.org/wiki/Thierry_Boutsen
105,boyd,Johnny Boyd,Johnny,Boyd,1926-08-19,American,,,http://en.wikipedia.org/wiki/Johnny_Boyd
106,jack_brabham,Jack Brabham,Jack,Brabham,1926-04-02,Australian,,,http://en.wikipedia.org/wiki/Jack_Brabham
107,gary_brabham,Gary Brabham,Gary,Brabham,1961-03-29,Australian,,,http://en.wikipedia.org/wiki/Gary_Brabham
108,brabham,David Brabham,David,Brabham,1965-09-05,Australian,,,http://en.wikipedia.org/wiki/David_Brabham
109,brack,Bill Brack,Bill,Brack,1935-12-26,Canadian,,,http://en.wikipedia.org/wiki/Bill_Brack
110,ernesto_brambilla,Ernesto Brambilla,Ernesto,Brambilla,1934-01-31,Italian,,,http://en.wikipedia.org/wiki/Ernesto_Brambilla
111,brambilla,Vittorio Brambilla,Vittorio,Brambilla,1937-11-11,Italian,,,http://en.wikipedia.org/wiki/Vittorio_Brambilla
112,branca,Toni Branca,Toni,Branca,1916-09-15,Swiss,,,http://en.wikipedia.org/wiki/Toni_Branca
113,brancatelli,Gianfranco Brancatelli,Gianfranco,Brancatelli,1950-01-18,Italian,,,http://en.wikipedia.org/wiki/Gianfranco_Brancatelli
114,brandon,Eric Brandon,Eric,Brandon,1920-07-18,British,,,http://en.wikipedia.org/wiki/Eric_Brandon
115,branson,Don Branson,Don,Branson,1920-06-02,American,,,http://en.wikipedia.org/wiki/Don_Branson
116,bridger,Tom Bridger,Tom,Bridger,1934-06-24,British,,,http://en.wikipedia.org/wiki/Tom_Bridger
117,brise,Tony Brise,Tony,Brise,1952-03-28,British,,,http://en.wikipedia.org/wiki/Tony_Brise
118,bristow,Chris Bristow,Chris,Bristow,1937-12-02,British,,,http://en.wikipedia.org/wiki/Chris_Bristow
119,broeker,Peter Broeker,Peter,Broeker,1926-05-15,Canadian,,,http://en.wikipedia.org/wiki/Peter_Broeker
120,brooks,Tony Brooks,Tony,Brooks,1932-02-25,British,,,http://en.wikipedia.org/wiki/Tony_Brooks
121,walt_brown,Walt Brown,Walt,Brown,1911-12-30,American,,,http://en.wikipedia.org/wiki/Walt_Brown_(auto_racer)
122,alan_brown,Alan Brown,Alan,Brown,1919-11-20,British,,,http://en.wikipedia.org/wiki/Alan_Brown_(racing_driver)
123,brown,Warwick Brown,Warwick,Brown,1949-12-24,Australian,,,http://en.wikipedia.org/wiki/Warwick_Brown
124,luke_browning,Luke Browning,Luke,Browning,,Unknown,,,
125,brudes,Adolf Brudes,Adolf,Brudes,1899-10-15,German,,,http://en.wikipedia.org/wiki/Adolf_Brudes
126,brundle,Martin Brundle,Martin,Brundle,1959-06-01,British,,,http://en.wikipedia.org/wiki/Martin_Brundle
127,bruni,Gianmaria Bruni,Gianmaria,Bruni,1981-05-30,Italian,,,http://en.wikipedia.org/wiki/Gianmaria_Bruni
128,bryan,Jimmy Bryan,Jimmy,Bryan,1926-01-28,American,,,http://en.wikipedia.org/wiki/Jimmy_Bryan
129,bucci,Clemar Bucci,Clemar,Bucci,1920-09-04,Argentine,,,http://en.wikipedia.org/wiki/Clemar_Bucci
130,bucknum,Ronnie Bucknum,Ronnie,Bucknum,1936-04-05,American,,,http://en.wikipedia.org/wiki/Ronnie_Bucknum
131,bueb,Ivor Bueb,Ivor,Bueb,1923-06-06,British,,,http://en.wikipedia.org/wiki/Ivor_Bueb
132,buemi,Sébastien Buemi,Sébastien,Buemi,1988-10-31,Swiss,,BUE,http://en.wikipedia.org/wiki/S%C3%A9bastien_Buemi
133,bueno,Luiz Bueno,Luiz,Bueno,1937-01-16,Brazilian,,,http://en.wikipedia.org/wiki/Luiz_Bueno
134,burgess,Ian Burgess,Ian,Burgess,1930-07-06,British,,,http://en.wikipedia.org/wiki/Ian_Burgess
135,burti,Luciano Burti,Luciano,Burti,1975-03-05,Brazilian,,,http://en.wikipedia.org/wiki/Luciano_Burti
136,bussinello,Roberto Bussinello,Roberto,Bussinello,1927-10-04,Italian,,,http://en.wikipedia.org/wiki/Roberto_Bussinello
137,button,Jenson Button,Jenson,Button,1980-01-19,British,22,BUT,http://en.wikipedia.org/wiki/Jenson_Button
138,byrne,Tommy Byrne,Tommy,Byrne,1958-05-06,Irish,,,http://en.wikipedia.org/wiki/Tommy_Byrne_%28racing_driver%29
139,cabantous,Yves Cabantous,Yves,Cabantous,1904-10-08,French,,,http://en.wikipedia.org/wiki/Yves_Giraud_Cabantous
140,cabianca,Giulio Cabianca,Giulio,Cabianca,1923-02-19,Italian,,,http://en.wikipedia.org/wiki/Giulio_Cabianca
141,cabral,Mário de Araújo Cabral,Mário de Araújo,Cabral,1934-01-15,Portuguese,,,http://en.wikipedia.org/wiki/Mario_de_Araujo_Cabral
142,cade,Phil Cade,Phil,Cade,1916-06-12,American,,,http://en.wikipedia.org/wiki/Phil_Cade
143,caffi,Alex Caffi,Alex,Caffi,1964-03-18,Italian,,,http://en.wikipedia.org/wiki/Alex_Caffi
144,campbell-jones,John Campbell-Jones,John,Campbell-Jones,1930-01-21,British,,,http://en.wikipedia.org/wiki/John_Campbell-Jones
145,campos,Adrián Campos,Adrián,Campos,1960-06-17,Spanish,,,http://en.wikipedia.org/wiki/Adri%C3%A1n_Campos
146,Cannoc,John Cannon,John,Cannon,1933-06-21,Canadian,,,http://en.wikipedia.org/wiki/John_Cannon_(auto_racer)
147,cantoni,Eitel Cantoni,Eitel,Cantoni,1906-10-04,Uruguayan,,,http://en.wikipedia.org/wiki/Eitel_Cantoni
148,cantrell,Bill Cantrell,Bill,Cantrell,1908-01-31,American,,,http://en.wikipedia.org/wiki/William_Cantrell
149,capelli,Ivan Capelli,Ivan,Capelli,1963-05-24,Italian,,,http://en.wikipedia.org/wiki/Ivan_Capelli
150,carini,Piero Carini,Piero,Carini,1921-03-06,Italian,,,http://en.wikipedia.org/wiki/Piero_Carini
151,darter,Duane Carter,Duane,Carter,1913-05-05,American,,,http://en.wikipedia.org/wiki/Duane_Carter
152,castellotti,Eugenio Castellotti,Eugenio,Castellotti,1930-10-10,Italian,,,http://en.wikipedia.org/wiki/Eugenio_Castellotti
153,cecotto,Johnny Cecotto,Johnny,Cecotto,1956-01-25,Venezuelan,,,http://en.wikipedia.org/wiki/Johnny_Cecotto
154,cevert,François Cevert,François,Cevert,1944-02-25,French,,,http://en.wikipedia.org/wiki/Fran%C3%A7ois_Cevert
155,chaboud,Eugène Chaboud,Eugène,Chaboud,1907-04-12,French,,,http://en.wikipedia.org/wiki/Eug%C3%A8ne_Chaboud
156,chamberlain,Jay Chamberlain,Jay,Chamberlain,1925-12-29,American,,,http://en.wikipedia.org/wiki/Jay_Chamberlain
157,chandhok,Karun Chandhok,Karun,Chandhok,1984-01-19,Indian,,CHA,http://en.wikipedia.org/wiki/Karun_Chandhok
158,chapman,Colin Chapman,Colin,Chapman,1928-05-19,British,,,http://en.wikipedia.org/wiki/Colin_Chapman
159,charlton,Dave Charlton,Dave,Charlton,1936-10-27,South African,,,http://en.wikipedia.org/wiki/Dave_Charlton
160,chaves,Pedro Chaves,Pedro,Chaves,1965-02-27,Portuguese,,,http://en.wikipedia.org/wiki/Pedro_Chaves
161,cheesbourg,Bill Cheesbourg,Bill,Cheesbourg,1927-06-12,American,,,http://en.wikipedia.org/wiki/Bill_Cheesbourg
162,cheever,Eddie Cheever,Eddie,Cheever,1958-01-10,American,,,http://en.wikipedia.org/wiki/Eddie_Cheever
163,chiesa,Andrea Chiesa,Andrea,Chiesa,1964-05-06,Swiss,,,http://en.wikipedia.org/wiki/Andrea_Chiesa
164,chilton,Max Chilton,Max,Chilton,1991-04-21,British,4,CHI,http://en.wikipedia.org/wiki/Max_Chilton
165,chimeri,Ettore Chimeri,Ettore,Chimeri,1921-06-04,Venezuelan,,,http://en.wikipedia.org/wiki/Ettore_Chimeri
166,chiron,Louis Chiron,Louis,Chiron,1899-08-03,Monegasque,,,http://en.wikipedia.org/wiki/Louis_Chiron
167,chitwood,Joie Chitwood,Joie,Chitwood,1912-04-14,American,,,http://en.wikipedia.org/wiki/Joie_Chitwood
168,christie,Bob Christie,Bob,Christie,1924-04-04,American,,,http://en.wikipedia.org/wiki/Bob_Christie_(racing_driver)
169,claes,Johnny Claes,Johnny,Claes,1916-08-11,Belgian,,,http://en.wikipedia.org/wiki/Johnny_Claes
170,clapham,David Clapham,David,Clapham,1931-05-18,South African,,,http://en.wikipedia.org/wiki/David_Clapham
171,clark,Jim Clark,Jim,Clark,1936-03-04,British,,,http://en.wikipedia.org/wiki/Jim_Clark
172,cogan,Kevin Cogan,Kevin,Cogan,1956-03-31,American,,,http://en.wikipedia.org/wiki/Kevin_Cogan
173,colapinto,Franco Colapinto,Franco,Colapinto,2003-05-27,Argentine,43,COL,http://en.wikipedia.org/wiki/Franco_Colapinto
174,collins,Peter Collins,Peter,Collins,1931-11-06,British,,,http://en.wikipedia.org/wiki/Peter_Collins_(racing_driver)
175,collomb,Bernard Collomb,Bernard,Collomb,1930-10-07,French,,,http://en.wikipedia.org/wiki/Bernard_Collomb
176,colombo,Alberto Colombo,Alberto,Colombo,1946-02-23,Italian,,,http://en.wikipedia.org/wiki/Alberto_Colombo
177,comas,Érik Comas,Érik,Comas,1963-09-28,French,,,http://en.wikipedia.org/wiki/%C3%89rik_Comas
178,comotti,Franco Comotti,Franco,Comotti,1906-07-24,Italian,,,http://en.wikipedia.org/wiki/Franco_Comotti
179,george_connor,George Connor,George,Connor,1906-08-16,American,,,http://en.wikipedia.org/wiki/George_Connor_(driver)
180,constantine,George Constantine,George,Constantine,1918-02-22,American,,,http://en.wikipedia.org/wiki/George_Constantine
181,cordts,John Cordts,John,Cordts,1935-07-23,Canadian,,,http://en.wikipedia.org/wiki/John_Cordts
182,coulthard,David Coulthard,David,Coulthard,1971-03-27,British,,COU,http://en.wikipedia.org/wiki/David_Coulthard
183,courage,Piers Courage,Piers,Courage,1942-05-27,British,,,http://en.wikipedia.org/wiki/Piers_Courage
184,craft,Chris Craft,Chris,Craft,1939-11-17,British,,,http://en.wikipedia.org/wiki/Chris_Craft_(racing_driver)
185,ray_crawford,Ray Crawford,Ray,Crawford,1915-10-26,American,,,http://en.wikipedia.org/wiki/Ray_Crawford
186,crawford,Jim Crawford,Jim,Crawford,1948-02-13,British,,,http://en.wikipedia.org/wiki/Jim_Crawford_(driver)
187,jak_crawford,Jak Crawford,Jak,Crawford,,Unknown,,,
188,crespo,Alberto Crespo,Alberto,Crespo,1920-01-16,Argentine,,,http://en.wikipedia.org/wiki/Alberto_Crespo
189,creus,Antonio Creus,Antonio,Creus,1924-10-28,Spanish,,,http://en.wikipedia.org/wiki/Antonio_Creus
190,crockett,Larry Crockett,Larry,Crockett,1926-10-23,American,,,http://en.wikipedia.org/wiki/Larry_Crockett
191,crook,Tony Crook,Tony,Crook,1920-02-16,British,,,http://en.wikipedia.org/wiki/Tony_Crook
192,cross,Art Cross,Art,Cross,1918-01-24,American,,,http://en.wikipedia.org/wiki/Art_Cross
193,crossley,Geoff Crossley,Geoff,Crossley,1921-05-11,British,,,http://en.wikipedia.org/wiki/Geoff_Crossley
194,cruz,Adolfo Cruz,Adolfo,Cruz,1923-06-28,Argentine,,,http://en.wikipedia.org/wiki/Adolfo_Schewelm_Cruz
195,daigh,Chuck Daigh,Chuck,Daigh,1923-11-29,American,,,http://en.wikipedia.org/wiki/Chuck_Daigh
196,dalmas,Yannick Dalmas,Yannick,Dalmas,1961-07-28,French,,,http://en.wikipedia.org/wiki/Yannick_Dalmas
197,daly,Derek Daly,Derek,Daly,1953-03-11,Irish,,,http://en.wikipedia.org/wiki/Derek_Daly
198,danner,Christian Danner,Christian,Danner,1958-04-04,German,,,http://en.wikipedia.org/wiki/Christian_Danner
199,daponte,Jorge Daponte,Jorge,Daponte,1923-06-05,Argentine,,,http://en.wikipedia.org/wiki/Jorge_Daponte
200,davidson,Anthony Davidson,Anthony,Davidson,1979-04-18,British,,DAV,http://en.wikipedia.org/wiki/Anthony_Davidson
201,davies,Jimmy Davies,Jimmy,Davies,1929-08-08,American,,,http://en.wikipedia.org/wiki/Jimmy_Davies
202,davis,Colin Davis,Colin,Davis,1933-07-29,British,,,http://en.wikipedia.org/wiki/Colin_Davis_(driver)
203,daywalt,Jimmy Daywalt,Jimmy,Daywalt,1924-08-28,American,,,http://en.wikipedia.org/wiki/Jimmy_Daywalt
204,depailler,Patrick Depailler,Patrick,Depailler,1944-08-09,French,,,http://en.wikipedia.org/wiki/Patrick_Depailler
205,diniz,Pedro Diniz,Pedro,Diniz,1970-05-22,Brazilian,,,http://en.wikipedia.org/wiki/Pedro_Diniz
206,dinsmore,Duke Dinsmore,Duke,Dinsmore,1913-04-10,American,,,http://en.wikipedia.org/wiki/Duke_Dinsmore
207,dochnal,Frank Dochnal,Frank,Dochnal,1920-10-08,American,,,http://en.wikipedia.org/wiki/Frank_Dochnal
208,dolhem,José Dolhem,José,Dolhem,1944-04-26,French,,,http://en.wikipedia.org/wiki/Jos%C3%A9_Dolhem
209,donnelly,Martin Donnelly,Martin,Donnelly,1964-03-26,British,,,http://en.wikipedia.org/wiki/Martin_Donnelly_(racing_driver)
210,donohue,Mark Donohue,Mark,Donohue,1937-03-18,American,,,http://en.wikipedia.org/wiki/Mark_Donohue
211,doohan,Jack Doohan,Jack,Doohan,2003-01-20,Australian,7,DOO,http://en.wikipedia.org/wiki/Jack_Doohan
212,doornbos,Robert Doornbos,Robert,Doornbos,1981-09-23,Dutch,,DOO,http://en.wikipedia.org/wiki/Robert_Doornbos
213,downing,Ken Downing,Ken,Downing,1917-12-05,British,,,http://en.wikipedia.org/wiki/Ken_Downing
214,drake,Bob Drake,Bob,Drake,1919-12-14,American,,,http://en.wikipedia.org/wiki/Bob_Drake_(Formula_One)
215,driver,Paddy Driver,Paddy,Driver,1934-05-13,South African,,,http://en.wikipedia.org/wiki/Paddy_Driver
216,drogo,Piero Drogo,Piero,Drogo,1926-08-08,Italian,,,http://en.wikipedia.org/wiki/Piero_Drogo
217,duke,Geoff Duke,Geoff,Duke,1923-03-29,British,,,http://en.wikipedia.org/wiki/Geoff_Duke
218,dumfries,Johnny Dumfries,Johnny,Dumfries,1958-04-26,British,,,http://en.wikipedia.org/wiki/Johnny_Dumfries
219,duncan,Len Duncan,Len,Duncan,1911-07-25,American,,,http://en.wikipedia.org/wiki/Len_Duncan
220,dusio,Piero Dusio,Piero,Dusio,1899-10-13,Italian,,,http://en.wikipedia.org/wiki/Piero_Dusio
221,deletraz,Jean-Denis Délétraz,Jean-Denis,Délétraz,1963-10-01,Swiss,,,http://en.wikipedia.org/wiki/Jean-Denis_Deletraz
222,eaton,George Eaton,George,Eaton,1945-11-12,Canadian,,,http://en.wikipedia.org/wiki/George_Eaton
223,ecclestone,Bernie Ecclestone,Bernie,Ecclestone,1930-10-28,British,,,http://en.wikipedia.org/wiki/Bernie_Ecclestone
224,edmunds,Don Edmunds,Don,Edmunds,1930-09-23,American,,,http://en.wikipedia.org/wiki/Don_Edmunds
225,edwards,Guy Edwards,Guy,Edwards,1942-12-30,British,,,http://en.wikipedia.org/wiki/Guy_Edwards
226,elford,Vic Elford,Vic,Elford,1935-06-10,British,,,http://en.wikipedia.org/wiki/Vic_Elford
227,elisian,Ed Elisian,Ed,Elisian,1926-12-09,American,,,http://en.wikipedia.org/wiki/Ed_Elisian
228,emery,Paul Emery,Paul,Emery,1916-11-12,British,,,http://en.wikipedia.org/wiki/Paul_Emery
229,enge,Tomáš Enge,Tomáš,Enge,1976-09-11,Czech,,,http://en.wikipedia.org/wiki/Tom%C3%A1%C5%A1_Enge
230,england,Paul England,Paul,England,1929-03-28,Australian,,,http://en.wikipedia.org/wiki/Paul_England
231,ericsson,Marcus Ericsson,Marcus,Ericsson,1990-09-02,Swedish,9,ERI,http://en.wikipedia.org/wiki/Marcus_Ericsson
232,ertl,Harald Ertl,Harald,Ertl,1948-08-31,Austrian,,,http://en.wikipedia.org/wiki/Harald_Ertl
233,estefano,Nasif Estéfano,Nasif,Estéfano,1932-11-18,Argentine,,,http://en.wikipedia.org/wiki/Nasif_Est%C3%A9fano
234,evans,Bob Evans,Bob,Evans,1947-06-11,British,,,http://en.wikipedia.org/wiki/Bob_Evans_(race_driver)
235,fabi,Teo Fabi,Teo,Fabi,1955-03-09,Italian,,,http://en.wikipedia.org/wiki/Teo_Fabi
236,corrado_fabi,Corrado Fabi,Corrado,Fabi,1961-04-12,Italian,,,http://en.wikipedia.org/wiki/Corrado_Fabi
237,fabre,Pascal Fabre,Pascal,Fabre,1960-01-09,French,,,http://en.wikipedia.org/wiki/Pascal_Fabre
238,facetti,Carlo Facetti,Carlo,Facetti,1935-06-26,Italian,,,http://en.wikipedia.org/wiki/Carlo_Facetti
239,fagioli,Luigi Fagioli,Luigi,Fagioli,1898-06-09,Italian,,,http://en.wikipedia.org/wiki/Luigi_Fagioli
240,fairman,Jack Fairman,Jack,Fairman,1913-03-15,British,,,http://en.wikipedia.org/wiki/Jack_Fairman
241,fangio,Juan Fangio,Juan,Fangio,1911-06-24,Argentine,,,http://en.wikipedia.org/wiki/Juan_Manuel_Fangio
242,farina,Nino Farina,Nino,Farina,1906-10-30,Italian,,,http://en.wikipedia.org/wiki/Nino_Farina
243,faulkner,Walt Faulkner,Walt,Faulkner,1920-02-16,American,,,http://en.wikipedia.org/wiki/Walt_Faulkner
244,firman,Ralph Firman,Ralph,Firman,1975-05-20,Irish,,,http://en.wikipedia.org/wiki/Ralph_Firman
245,fischer,Rudi Fischer,Rudi,Fischer,1912-04-19,Swiss,,,http://en.wikipedia.org/wiki/Rudi_Fischer
246,fisher,Mike Fisher,Mike,Fisher,1943-03-13,American,,,http://en.wikipedia.org/wiki/Mike_Fisher_(driver)
247,fisichella,Giancarlo Fisichella,Giancarlo,Fisichella,1973-01-14,Italian,,FIS,http://en.wikipedia.org/wiki/Giancarlo_Fisichella
248,fitch,John Fitch,John,Fitch,1917-08-04,American,,,http://en.wikipedia.org/wiki/John_Fitch_(driver)
249,emerson_fittipaldi,Emerson Fittipaldi,Emerson,Fittipaldi,1946-12-12,Brazilian,,,http://en.wikipedia.org/wiki/Emerson_Fittipaldi
250,wilson_fittipaldi,Wilson Fittipaldi,Wilson,Fittipaldi,1943-12-25,Brazilian,,,http://en.wikipedia.org/wiki/Wilson_Fittipaldi
251,fittipaldi,Christian Fittipaldi,Christian,Fittipaldi,1971-01-18,Brazilian,,,http://en.wikipedia.org/wiki/Christian_Fittipaldi
252,pietro_fittipaldi,Pietro Fittipaldi,Pietro,Fittipaldi,1996-06-25,Brazilian,51,FIT,http://en.wikipedia.org/wiki/Pietro_Fittipaldi
253,fitzau,Theo Fitzau,Theo,Fitzau,1923-02-10,East German,,,http://en.wikipedia.org/wiki/Theo_Fitzau
254,flaherty,Pat Flaherty,Pat,Flaherty,1926-01-06,American,,,http://en.wikipedia.org/wiki/Pat_Flaherty_(racing_driver)
255,flinterman,Jan Flinterman,Jan,Flinterman,1919-10-02,Dutch,,,http://en.wikipedia.org/wiki/Jan_Flinterman
256,flockhart,Ron Flockhart,Ron,Flockhart,1923-06-16,British,,,http://en.wikipedia.org/wiki/Ron_Flockhart_(auto_racing)
257,fohr,Myron Fohr,Myron,Fohr,1912-06-17,American,,,http://en.wikipedia.org/wiki/Myron_Fohr
258,foitek,Gregor Foitek,Gregor,Foitek,1965-03-27,Swiss,,,http://en.wikipedia.org/wiki/Gregor_Foitek
259,follmer,George Follmer,George,Follmer,1934-01-27,American,,,http://en.wikipedia.org/wiki/George_Follmer
260,fonder,George Fonder,George,Fonder,1917-06-22,American,,,http://en.wikipedia.org/wiki/George_Fonder
261,fontana,Norberto Fontana,Norberto,Fontana,1975-01-20,Argentine,,,http://en.wikipedia.org/wiki/Norberto_Fontana
262,fontes,Azdrubal Fontes,Azdrubal,Fontes,1922-12-26,Uruguayan,,,http://en.wikipedia.org/wiki/Azdrubal_Fontes
263,forberg,Carl Forberg,Carl,Forberg,1911-03-04,American,,,http://en.wikipedia.org/wiki/Carl_Forberg
264,force,Gene Force,Gene,Force,1916-06-15,American,,,http://en.wikipedia.org/wiki/Gene_Force
265,forini,Franco Forini,Franco,Forini,1958-09-22,Swiss,,,http://en.wikipedia.org/wiki/Franco_Forini
266,parker,Philip Fotheringham-Parker,Philip,Fotheringham-Parker,1907-09-22,British,,,http://en.wikipedia.org/wiki/Philip_Fotheringham-Parker
267,foyt,Anthony Foyt,Anthony,Foyt,1935-01-16,American,,,http://en.wikipedia.org/wiki/A.J._Foyt
268,gimax,Carlo Franchi,Carlo,Franchi,1938-01-01,Italian,,,http://en.wikipedia.org/wiki/Gimax
269,francia,Giorgio Francia,Giorgio,Francia,1947-11-08,Italian,,,http://en.wikipedia.org/wiki/Giorgio_Francia
270,freeland,Don Freeland,Don,Freeland,1925-03-25,American,,,http://en.wikipedia.org/wiki/Don_Freeland
271,frentzen,Heinz-Harald Frentzen,Heinz-Harald,Frentzen,1967-05-18,German,,,http://en.wikipedia.org/wiki/Heinz-Harald_Frentzen
272,friesacher,Patrick Friesacher,Patrick,Friesacher,1980-09-26,Austrian,,FRI,http://en.wikipedia.org/wiki/Patrick_Friesacher
273,fry,Joe Fry,Joe,Fry,1915-10-26,British,,,http://en.wikipedia.org/wiki/Joe_Fry
274,frere,Paul Frère,Paul,Frère,1917-01-30,Belgian,,,http://en.wikipedia.org/wiki/Paul_Fr%C3%A8re
275,fushida,Hiroshi Fushida,Hiroshi,Fushida,1946-03-10,Japanese,,,http://en.wikipedia.org/wiki/Hiroshi_Fushida
276,gabbiani,Beppe Gabbiani,Beppe,Gabbiani,1957-01-02,Italian,,,http://en.wikipedia.org/wiki/Beppe_Gabbiani
277,gachot,Bertrand Gachot,Bertrand,Gachot,1962-12-23,Belgian,,,http://en.wikipedia.org/wiki/Bertrand_Gachot
278,gaillard,Patrick Gaillard,Patrick,Gaillard,1952-02-12,French,,,http://en.wikipedia.org/wiki/Patrick_Gaillard
279,galica,Divina Galica,Divina,Galica,1944-08-13,British,,,http://en.wikipedia.org/wiki/Divina_Galica
280,galli,Nanni Galli,Nanni,Galli,1940-10-02,Italian,,,http://en.wikipedia.org/wiki/Nanni_Galli
281,gamble,Fred Gamble,Fred,Gamble,1932-03-17,American,,,http://en.wikipedia.org/wiki/Fred_Gamble_(racing_driver)
282,ganley,Howden Ganley,Howden,Ganley,1941-12-24,New Zealander,,,http://en.wikipedia.org/wiki/Howden_Ganley
283,gardner,Frank Gardner,Frank,Gardner,1930-10-01,Australian,,,http://en.wikipedia.org/wiki/Frank_Gardner_(driver)
284,garrett,Billy Garrett,Billy,Garrett,1933-04-24,American,,,http://en.wikipedia.org/wiki/Billy_Garrett
285,gartner,Jo Gartner,Jo,Gartner,1954-01-24,Austrian,,,http://en.wikipedia.org/wiki/Jo_Gartner
286,gasly,Pierre Gasly,Pierre,Gasly,1996-02-07,French,10,GAS,http://en.wikipedia.org/wiki/Pierre_Gasly
287,gaze,Tony Gaze,Tony,Gaze,1920-02-03,Australian,,,http://en.wikipedia.org/wiki/Tony_Gaze
288,gendebien,Olivier Gendebien,Olivier,Gendebien,1924-01-12,Belgian,,,http://en.wikipedia.org/wiki/Olivier_Gendebien
289,gene,Marc Gené,Marc,Gené,1974-03-29,Spanish,,,http://en.wikipedia.org/wiki/Marc_Gen%C3%A9
290,george,Elmer George,Elmer,George,1928-07-15,American,,,http://en.wikipedia.org/wiki/Elmer_George
291,gerard,Bob Gerard,Bob,Gerard,1914-01-19,British,,,http://en.wikipedia.org/wiki/Bob_Gerard
292,gerini,Gerino Gerini,Gerino,Gerini,1928-08-10,Italian,,,http://en.wikipedia.org/wiki/Gerino_Gerini_(racing_driver)
293,gethin,Peter Gethin,Peter,Gethin,1940-02-21,British,,,http://en.wikipedia.org/wiki/Peter_Gethin
294,ghinzani,Piercarlo Ghinzani,Piercarlo,Ghinzani,1952-01-16,Italian,,,http://en.wikipedia.org/wiki/Piercarlo_Ghinzani
295,giacomelli,Bruno Giacomelli,Bruno,Giacomelli,1952-09-10,Italian,,,http://en.wikipedia.org/wiki/Bruno_Giacomelli
296,gibson,Dick Gibson,Dick,Gibson,1918-04-16,British,,,http://en.wikipedia.org/wiki/Dick_Gibson
297,ginther,Richie Ginther,Richie,Ginther,1930-08-05,American,,,http://en.wikipedia.org/wiki/Richie_Ginther
298,giovinazzi,Antonio Giovinazzi,Antonio,Giovinazzi,1993-12-14,Italian,99,GIO,http://en.wikipedia.org/wiki/Antonio_Giovinazzi
299,giunti,Ignazio Giunti,Ignazio,Giunti,1941-08-30,Italian,,,http://en.wikipedia.org/wiki/Ignazio_Giunti
300,glock,Timo Glock,Timo,Glock,1982-03-18,German,,GLO,http://en.wikipedia.org/wiki/Timo_Glock
301,godia,Paco Godia,Paco,Godia,1921-03-21,Spanish,,,http://en.wikipedia.org/wiki/Paco_Godia
302,goethals,Christian Goethals,Christian,Goethals,1928-08-04,Belgian,,,http://en.wikipedia.org/wiki/Christian_Goethals
303,goldsmith,Paul Goldsmith,Paul,Goldsmith,1925-10-02,American,,,http://en.wikipedia.org/wiki/Paul_Goldsmith
304,gonzalez,José Froilán González,José Froilán,González,1922-10-05,Argentine,,,http://en.wikipedia.org/wiki/Jos%C3%A9_Froil%C3%A1n_Gonz%C3%A1lez
305,oscar_gonzalez,Óscar González,Óscar,González,1923-11-10,Uruguayan,,,http://en.wikipedia.org/wiki/%C3%93scar_Gonz%C3%A1lez_(racing_driver)
306,gordini,Aldo Gordini,Aldo,Gordini,1921-05-20,French,,,http://en.wikipedia.org/wiki/Aldo_Gordini
307,gould,Horace Gould,Horace,Gould,1918-09-20,British,,,http://en.wikipedia.org/wiki/Horace_Gould
308,gounon,Jean-Marc Gounon,Jean-Marc,Gounon,1963-01-01,French,,,http://en.wikipedia.org/wiki/Jean-Marc_Gounon
309,green,Cecil Green,Cecil,Green,1919-09-30,American,,,http://en.wikipedia.org/wiki/Cecil_Green
310,greene,Keith Greene,Keith,Greene,1938-01-05,British,,,http://en.wikipedia.org/wiki/Keith_Greene
311,gregory,Masten Gregory,Masten,Gregory,1932-02-29,American,,,http://en.wikipedia.org/wiki/Masten_Gregory
312,griffith,Cliff Griffith,Cliff,Griffith,1916-02-06,American,,,http://en.wikipedia.org/wiki/Cliff_Griffith
313,grignard,Georges Grignard,Georges,Grignard,1905-07-25,French,,,http://en.wikipedia.org/wiki/Georges_Grignard
314,grim,Bobby Grim,Bobby,Grim,1924-09-04,American,,,http://en.wikipedia.org/wiki/Bobby_Grim
315,grosjean,Romain Grosjean,Romain,Grosjean,1986-04-17,French,8,GRO,http://en.wikipedia.org/wiki/Romain_Grosjean
316,grouillard,Olivier Grouillard,Olivier,Grouillard,1958-09-02,French,,,http://en.wikipedia.org/wiki/Olivier_Grouillard
317,gubby,Brian Gubby,Brian,Gubby,1934-04-17,British,,,http://en.wikipedia.org/wiki/Brian_Gubby
318,guelfi,André Guelfi,André,Guelfi,1919-05-06,French,,,http://en.wikipedia.org/wiki/Andr%C3%A9_Guelfi
319,guerra,Miguel Ángel Guerra,Miguel Ángel,Guerra,1953-08-31,Argentine,,,http://en.wikipedia.org/wiki/Miguel_Angel_Guerra
320,guerrero,Roberto Guerrero,Roberto,Guerrero,1958-11-16,Colombian,,,http://en.wikipedia.org/wiki/Roberto_Guerrero
321,gugelmin,Maurício Gugelmin,Maurício,Gugelmin,1963-04-20,Brazilian,,,http://en.wikipedia.org/wiki/Maur%C3%ADcio_Gugelmin
322,gurney,Dan Gurney,Dan,Gurney,1931-04-13,American,,,http://en.wikipedia.org/wiki/Dan_Gurney
323,gutierrez,Esteban Gutiérrez,Esteban,Gutiérrez,1991-08-05,Mexican,21,GUT,http://en.wikipedia.org/wiki/Esteban_Guti%C3%A9rrez
324,galvez,Oscar Gálvez,Oscar,Gálvez,1913-08-17,Argentine,,,http://en.wikipedia.org/wiki/%C3%93scar_Alfredo_G%C3%A1lvez
325,hadjar,Isack Hadjar,Isack,Hadjar,2004-09-28,French,6,HAD,https://en.wikipedia.org/wiki/Isack_Hadjar
326,hahne,Hubert Hahne,Hubert,Hahne,1935-03-28,German,,,http://en.wikipedia.org/wiki/Hubert_Hahne
327,hailwood,Mike Hailwood,Mike,Hailwood,1940-04-02,British,,,http://en.wikipedia.org/wiki/Mike_Hailwood
328,halford,Bruce Halford,Bruce,Halford,1931-05-18,British,,,http://en.wikipedia.org/wiki/Bruce_Halford
329,hall,Jim Hall,Jim,Hall,1935-07-23,American,,,http://en.wikipedia.org/wiki/Jim_Hall_(race_car_driver)
330,duncan_hamilton,Duncan Hamilton,Duncan,Hamilton,1920-04-30,British,,,http://en.wikipedia.org/wiki/Duncan_Hamilton_(racing_driver)
331,hamilton,Lewis Hamilton,Lewis,Hamilton,1985-01-07,British,44,HAM,http://en.wikipedia.org/wiki/Lewis_Hamilton
332,hampshire,David Hampshire,David,Hampshire,1917-12-29,British,,,http://en.wikipedia.org/wiki/David_Hampshire
333,hanks,Sam Hanks,Sam,Hanks,1914-07-13,American,,,http://en.wikipedia.org/wiki/Sam_Hanks
334,hansgen,Walt Hansgen,Walt,Hansgen,1919-10-28,American,,,http://en.wikipedia.org/wiki/Walt_Hansgen
335,harris,Mike Harris,Mike,Harris,1939-05-25,South African,,,http://en.wikipedia.org/wiki/Mike_Harris_(race_car_driver)
336,harrison,Cuth Harrison,Cuth,Harrison,1906-07-06,British,,,http://en.wikipedia.org/wiki/Cuth_Harrison
337,hart,Brian Hart,Brian,Hart,1936-09-07,British,,,http://en.wikipedia.org/wiki/Brian_Hart
338,hartley,Gene Hartley,Gene,Hartley,1926-01-28,American,,,http://en.wikipedia.org/wiki/Gene_Hartley
339,brendon_hartley,Brendon Hartley,Brendon,Hartley,1989-11-10,New Zealander,28,HAR,http://en.wikipedia.org/wiki/Brendon_Hartley
340,haryanto,Rio Haryanto,Rio,Haryanto,1993-01-22,Indonesian,88,HAR,http://en.wikipedia.org/wiki/Rio_Haryanto
341,hasemi,Masahiro Hasemi,Masahiro,Hasemi,1945-11-13,Japanese,,,http://en.wikipedia.org/wiki/Masahiro_Hasemi
342,hattori,Naoki Hattori,Naoki,Hattori,1966-06-13,Japanese,,,http://en.wikipedia.org/wiki/Naoki_Hattori
343,hawkins,Paul Hawkins,Paul,Hawkins,1937-10-12,Australian,,,http://en.wikipedia.org/wiki/Paul_Hawkins_(racing_driver)
344,hawthorn,Mike Hawthorn,Mike,Hawthorn,1929-04-10,British,,,http://en.wikipedia.org/wiki/Mike_Hawthorn
345,heeks,Willi Heeks,Willi,Heeks,1922-02-13,German,,,http://en.wikipedia.org/wiki/Willi_Heeks
346,heidfeld,Nick Heidfeld,Nick,Heidfeld,1977-05-10,German,,HEI,http://en.wikipedia.org/wiki/Nick_Heidfeld
347,helfrich,Theo Helfrich,Theo,Helfrich,1913-05-13,German,,,http://en.wikipedia.org/wiki/Theo_Helfrich
348,hellings,Mack Hellings,Mack,Hellings,1915-09-14,American,,,http://en.wikipedia.org/wiki/Mack_Hellings
349,henton,Brian Henton,Brian,Henton,1946-09-19,British,,,http://en.wikipedia.org/wiki/Brian_Henton
350,herbert,Johnny Herbert,Johnny,Herbert,1964-06-25,British,,,http://en.wikipedia.org/wiki/Johnny_Herbert
351,herman,Al Herman,Al,Herman,1927-03-15,American,,,http://en.wikipedia.org/wiki/Al_Herman
352,herrmann,Hans Herrmann,Hans,Herrmann,1928-02-23,German,,,http://en.wikipedia.org/wiki/Hans_Herrmann
353,hesnault,François Hesnault,François,Hesnault,1956-12-30,French,,,http://en.wikipedia.org/wiki/Fran%C3%A7ois_Hesnault
354,heyer,Hans Heyer,Hans,Heyer,1943-03-16,German,,,http://en.wikipedia.org/wiki/Hans_Heyer
355,hill,Graham Hill,Graham,Hill,1929-02-15,British,,,http://en.wikipedia.org/wiki/Graham_Hill
356,phil_hill,Phil Hill,Phil,Hill,1927-04-20,American,,,http://en.wikipedia.org/wiki/Phil_Hill
357,damon_hill,Damon Hill,Damon,Hill,1960-09-17,British,,,http://en.wikipedia.org/wiki/Damon_Hill
358,ryo_hirakawa,Ryo Hirakawa,Ryo,Hirakawa,,Unknown,,,
359,hirt,Peter Hirt,Peter,Hirt,1910-03-30,Swiss,,,http://en.wikipedia.org/wiki/Peter_Hirt
360,hobbs,David Hobbs,David,Hobbs,1939-06-09,British,,,http://en.wikipedia.org/wiki/David_Hobbs_(racing_driver)
361,hocking,Gary Hocking,Gary,Hocking,1937-09-30,Rhodesian,,,http://en.wikipedia.org/wiki/Gary_Hocking
362,hoffmann,Ingo Hoffmann,Ingo,Hoffmann,1953-02-28,Brazilian,,,http://en.wikipedia.org/wiki/Ingo_Hoffmann
363,holland,Bill Holland,Bill,Holland,1907-12-18,American,,,http://en.wikipedia.org/wiki/Bill_Holland
364,holmes,Jackie Holmes,Jackie,Holmes,1920-09-04,American,,,http://en.wikipedia.org/wiki/Jackie_Holmes
365,homeier,Bill Homeier,Bill,Homeier,1918-08-31,American,,,http://en.wikipedia.org/wiki/Bill_Homeier
366,hoshino,Kazuyoshi Hoshino,Kazuyoshi,Hoshino,1947-07-01,Japanese,,,http://en.wikipedia.org/wiki/Kazuyoshi_Hoshino
367,hoyt,Jerry Hoyt,Jerry,Hoyt,1929-01-29,American,,,http://en.wikipedia.org/wiki/Jerry_Hoyt
368,hulme,Denny Hulme,Denny,Hulme,1936-06-18,New Zealander,,,http://en.wikipedia.org/wiki/Denny_Hulme
369,hunt,James Hunt,James,Hunt,1947-08-29,British,,,http://en.wikipedia.org/wiki/James_Hunt
370,hurtubise,Jim Hurtubise,Jim,Hurtubise,1932-12-05,American,,,http://en.wikipedia.org/wiki/Jim_Hurtubise
371,hutchison,Gus Hutchison,Gus,Hutchison,1937-04-26,American,,,http://en.wikipedia.org/wiki/Gus_Hutchison
372,hakkinen,Mika Häkkinen,Mika,Häkkinen,1968-09-28,Finnish,,,http://en.wikipedia.org/wiki/Mika_H%C3%A4kkinen
373,hulkenberg,Nico Hülkenberg,Nico,Hülkenberg,1987-08-19,German,27,HUL,http://en.wikipedia.org/wiki/Nico_H%C3%BClkenberg
374,ickx,Jacky Ickx,Jacky,Ickx,1945-01-01,Belgian,,,http://en.wikipedia.org/wiki/Jacky_Ickx
375,ide,Yuji Ide,Yuji,Ide,1975-01-21,Japanese,,IDE,http://en.wikipedia.org/wiki/Yuji_Ide
376,iglesias,Jesús Iglesias,Jesús,Iglesias,1922-02-22,Argentine,,,http://en.wikipedia.org/wiki/Jes%C3%BAs_Iglesias
377,inoue,Taki Inoue,Taki,Inoue,1963-09-05,Japanese,,,http://en.wikipedia.org/wiki/Taki_Inoue
378,ireland,Innes Ireland,Innes,Ireland,1930-06-12,British,,,http://en.wikipedia.org/wiki/Innes_Ireland
379,irvine,Eddie Irvine,Eddie,Irvine,1965-11-10,British,,,http://en.wikipedia.org/wiki/Eddie_Irvine
380,irwin,Chris Irwin,Chris,Irwin,1942-06-27,British,,,http://en.wikipedia.org/wiki/Chris_Irwin
381,ayumu_iwasa,Ayumu Iwasa,Ayumu,Iwasa,,Unknown,,,
382,jabouille,Jean-Pierre Jabouille,Jean-Pierre,Jabouille,1942-10-01,French,,,http://en.wikipedia.org/wiki/Jean-Pierre_Jabouille
383,jackson,Jimmy Jackson,Jimmy,Jackson,1910-07-25,American,,,http://en.wikipedia.org/wiki/Jimmy_Jackson_(driver)
384,james,Joe James,Joe,James,1925-05-23,American,,,http://en.wikipedia.org/wiki/Joe_James_(racing_driver)
385,john_james,John James,John,James,1914-05-10,British,,,http://en.wikipedia.org/wiki/John_James_(auto_racer)
386,jarier,Jean-Pierre Jarier,Jean-Pierre,Jarier,1946-07-10,French,,,http://en.wikipedia.org/wiki/Jean-Pierre_Jarier
387,jean,Max Jean,Max,Jean,1943-07-27,French,,,http://en.wikipedia.org/wiki/Max_Jean
388,johansson,Stefan Johansson,Stefan,Johansson,1956-09-08,Swedish,,,http://en.wikipedia.org/wiki/Stefan_Johansson
389,leslie_johnson,Leslie Johnson,Leslie,Johnson,1912-03-22,British,,,http://en.wikipedia.org/wiki/Leslie_Johnson_(racing_driver)
390,johnson,Eddie Johnson,Eddie,Johnson,1919-02-10,American,,,http://en.wikipedia.org/wiki/Eddie_Johnson_(auto_racer)
391,johnstone,Bruce Johnstone,Bruce,Johnstone,1937-01-30,South African,,,http://en.wikipedia.org/wiki/Bruce_Johnstone_(racing_driver)
392,tom_jones,Tom Jones,Tom,Jones,1943-04-26,American,,,http://en.wikipedia.org/wiki/Tom_Jones_(auto_racer)
393,jones,Alan Jones,Alan,Jones,1946-11-02,Australian,,,http://en.wikipedia.org/wiki/Alan_Jones_(Formula_1)
394,jover,Juan Jover,Juan,Jover,1903-11-23,Spanish,,,http://en.wikipedia.org/wiki/Juan_Jover
395,lehto,Jyrki Järvilehto,Jyrki,Järvilehto,1966-01-31,Finnish,,,http://en.wikipedia.org/wiki/Jyrki_J%C3%A4rvilehto
396,karch,Oswald Karch,Oswald,Karch,1917-03-06,German,,,http://en.wikipedia.org/wiki/Oswald_Karch
397,karthikeyan,Narain Karthikeyan,Narain,Karthikeyan,1977-01-14,Indian,,KAR,http://en.wikipedia.org/wiki/Narain_Karthikeyan
398,katayama,Ukyo Katayama,Ukyo,Katayama,1963-05-29,Japanese,,,http://en.wikipedia.org/wiki/Ukyo_Katayama
399,kavanagh,Ken Kavanagh,Ken,Kavanagh,1923-12-12,Australian,,,http://en.wikipedia.org/wiki/Ken_Kavanagh
400,keegan,Rupert Keegan,Rupert,Keegan,1955-02-26,British,,,http://en.wikipedia.org/wiki/Rupert_Keegan
401,keizan,Eddie Keizan,Eddie,Keizan,1944-09-12,South African,,,http://en.wikipedia.org/wiki/Eddie_Keizan
402,keller,Al Keller,Al,Keller,1920-04-11,American,,,http://en.wikipedia.org/wiki/Al_Keller
403,kelly,Joe Kelly,Joe,Kelly,1913-03-13,Irish,,,http://en.wikipedia.org/wiki/Joe_Kelly_(Formula_One)
404,kennedy,Dave Kennedy,Dave,Kennedy,1953-01-15,Irish,,,http://en.wikipedia.org/wiki/David_Kennedy_(racing_driver)
405,kessel,Loris Kessel,Loris,Kessel,1950-04-01,Swiss,,,http://en.wikipedia.org/wiki/Loris_Kessel
406,kessler,Bruce Kessler,Bruce,Kessler,1936-03-23,American,,,http://en.wikipedia.org/wiki/Bruce_Kessler
407,kiesa,Nicolas Kiesa,Nicolas,Kiesa,1978-03-03,Danish,,,http://en.wikipedia.org/wiki/Nicolas_Kiesa
408,kinnunen,Leo Kinnunen,Leo,Kinnunen,1943-08-05,Finnish,,,http://en.wikipedia.org/wiki/Leo_Kinnunen
409,kladis,Danny Kladis,Danny,Kladis,1917-02-10,American,,,http://en.wikipedia.org/wiki/Danny_Kladis
410,klenk,Hans Klenk,Hans,Klenk,1919-10-28,German,,,http://en.wikipedia.org/wiki/Hans_Klenk
411,klien,Christian Klien,Christian,Klien,1983-02-07,Austrian,,KLI,http://en.wikipedia.org/wiki/Christian_Klien
412,kling,Karl Kling,Karl,Kling,1910-09-16,German,,,http://en.wikipedia.org/wiki/Karl_Kling
413,klodwig,Ernst Klodwig,Ernst,Klodwig,1903-05-23,East German,,,http://en.wikipedia.org/wiki/Ernst_Klodwig
414,kobayashi,Kamui Kobayashi,Kamui,Kobayashi,1986-09-13,Japanese,10,KOB,http://en.wikipedia.org/wiki/Kamui_Kobayashi
415,koinigg,Helmuth Koinigg,Helmuth,Koinigg,1948-11-03,Austrian,,,http://en.wikipedia.org/wiki/Helmuth_Koinigg
416,kovalainen,Heikki Kovalainen,Heikki,Kovalainen,1981-10-19,Finnish,,KOV,http://en.wikipedia.org/wiki/Heikki_Kovalainen
417,kozarowitzky,Mikko Kozarowitzky,Mikko,Kozarowitzky,1948-05-17,Finnish,,,http://en.wikipedia.org/wiki/Mikko_Kozarowitzky
418,krause,Rudolf Krause,Rudolf,Krause,1907-03-30,East German,,,http://en.wikipedia.org/wiki/Rudolf_Krause
419,kubica,Robert Kubica,Robert,Kubica,1984-12-07,Polish,88,KUB,http://en.wikipedia.org/wiki/Robert_Kubica
420,kuhnke,Kurt Kuhnke,Kurt,Kuhnke,1910-04-30,German,,,http://en.wikipedia.org/wiki/Kurt_Kuhnke
421,kvyat,Daniil Kvyat,Daniil,Kvyat,1994-04-26,Russian,26,KVY,http://en.wikipedia.org/wiki/Daniil_Kvyat
422,la_caze,Robert La Caze,Robert,La Caze,1917-02-26,French,,,http://en.wikipedia.org/wiki/Robert_La_Caze
423,laffite,Jacques Laffite,Jacques,Laffite,1943-11-21,French,,,http://en.wikipedia.org/wiki/Jacques_Laffite
424,lagorce,Franck Lagorce,Franck,Lagorce,1968-09-01,French,,,http://en.wikipedia.org/wiki/Franck_Lagorce
425,lammers,Jan Lammers,Jan,Lammers,1956-06-02,Dutch,,,http://en.wikipedia.org/wiki/Jan_Lammers
426,lamy,Pedro Lamy,Pedro,Lamy,1972-03-20,Portuguese,,,http://en.wikipedia.org/wiki/Pedro_Lamy
427,landi,Chico Landi,Chico,Landi,1907-07-14,Brazilian,,,http://en.wikipedia.org/wiki/Chico_Landi
428,lang,Hermann Lang,Hermann,Lang,1909-04-06,German,,,http://en.wikipedia.org/wiki/Hermann_Lang
429,langes,Claudio Langes,Claudio,Langes,1960-07-20,Italian,,,http://en.wikipedia.org/wiki/Claudio_Langes
430,larini,Nicola Larini,Nicola,Larini,1964-03-19,Italian,,,http://en.wikipedia.org/wiki/Nicola_Larini
431,larrauri,Oscar Larrauri,Oscar,Larrauri,1954-08-19,Argentine,,,http://en.wikipedia.org/wiki/Oscar_Larrauri
432,larreta,Alberto Rodriguez Larreta,Alberto Rodriguez,Larreta,1934-01-14,Argentine,,,http://en.wikipedia.org/wiki/Alberto_Rodriguez_Larreta
433,larrousse,Gérard Larrousse,Gérard,Larrousse,1940-05-23,French,,,http://en.wikipedia.org/wiki/G%C3%A9rard_Larrousse
434,larson,Jud Larson,Jud,Larson,1923-01-21,American,,,http://en.wikipedia.org/wiki/Jud_Larson
435,latifi,Nicholas Latifi,Nicholas,Latifi,1995-06-29,Canadian,6,LAT,http://en.wikipedia.org/wiki/Nicholas_Latifi
436,lauda,Niki Lauda,Niki,Lauda,1949-02-22,Austrian,,,http://en.wikipedia.org/wiki/Niki_Lauda
437,laurent,Roger Laurent,Roger,Laurent,1913-02-21,Belgian,,,http://en.wikipedia.org/wiki/Roger_Laurent
438,lavaggi,Giovanni Lavaggi,Giovanni,Lavaggi,1958-02-18,Italian,,,http://en.wikipedia.org/wiki/Giovanni_Lavaggi
439,lawrence,Chris Lawrence,Chris,Lawrence,1933-07-27,British,,,http://en.wikipedia.org/wiki/Chris_Lawrence_(racing_driver)
440,lawson,Liam Lawson,Liam,Lawson,2002-02-11,New Zealander,30,LAW,http://en.wikipedia.org/wiki/Liam_Lawson
441,leclerc,Charles Leclerc,Charles,Leclerc,1997-10-16,Monegasque,16,LEC,http://en.wikipedia.org/wiki/Charles_Leclerc
442,arthur_leclerc,Arthur Leclerc,Arthur,Leclerc,,Unknown,,,
443,leclere,Michel Leclère,Michel,Leclère,1946-03-18,French,,,http://en.wikipedia.org/wiki/Michel_Lecl%C3%A8re
444,lederle,Neville Lederle,Neville,Lederle,1938-09-25,South African,,,http://en.wikipedia.org/wiki/Neville_Lederle
445,lees,Geoff Lees,Geoff,Lees,1951-05-01,British,,,http://en.wikipedia.org/wiki/Geoff_Lees
446,legat,Arthur Legat,Arthur,Legat,1898-11-01,Belgian,,,http://en.wikipedia.org/wiki/Arthur_Legat
447,leoni,Lamberto Leoni,Lamberto,Leoni,1953-05-24,Italian,,,http://en.wikipedia.org/wiki/Lamberto_Leoni
448,leston,Les Leston,Les,Leston,1920-12-16,British,,,http://en.wikipedia.org/wiki/Les_Leston
449,levegh,Pierre Levegh,Pierre,Levegh,1905-12-22,French,,,http://en.wikipedia.org/wiki/Pierre_Levegh
450,levrett,Bayliss Levrett,Bayliss,Levrett,1914-02-14,American,,,http://en.wikipedia.org/wiki/Bayliss_Levrett
451,lewis,Jackie Lewis,Jackie,Lewis,1936-11-01,British,,,http://en.wikipedia.org/wiki/Jackie_Lewis
452,lewis-evans,Stuart Lewis-Evans,Stuart,Lewis-Evans,1930-04-20,British,,,http://en.wikipedia.org/wiki/Stuart_Lewis-Evans
453,ligier,Guy Ligier,Guy,Ligier,1930-07-12,French,,,http://en.wikipedia.org/wiki/Guy_Ligier
454,arvid_lindblad,Arvid Lindblad,Arvid,Lindblad,,Unknown,,,
455,lindblad,Arvid Lindblad,Arvid,Lindblad,2007-08-08,British,,LIN,
456,linden,Andy Linden,Andy,Linden,1922-04-05,American,,,http://en.wikipedia.org/wiki/Andy_Linden_(racing_driver)
457,lippi,Roberto Lippi,Roberto,Lippi,1926-10-17,Italian,,,http://en.wikipedia.org/wiki/Roberto_Lippi
458,liuzzi,Vitantonio Liuzzi,Vitantonio,Liuzzi,1980-08-06,Italian,,LIU,http://en.wikipedia.org/wiki/Vitantonio_Liuzzi
459,lombardi,Lella Lombardi,Lella,Lombardi,1941-03-26,Italian,,,http://en.wikipedia.org/wiki/Lella_Lombardi
460,londono,Ricardo Londoño,Ricardo,Londoño,1949-08-08,Colombian,,,http://en.wikipedia.org/wiki/Ricardo_Londo%C3%B1o
461,loof,Ernst Loof,Ernst,Loof,1907-07-04,German,,,http://en.wikipedia.org/wiki/Ernst_Loof
462,lotterer,André Lotterer,André,Lotterer,1981-11-19,German,45,LOT,http://en.wikipedia.org/wiki/Andr%C3%A9_Lotterer
463,louveau,Henri Louveau,Henri,Louveau,1910-01-25,French,,,http://en.wikipedia.org/wiki/Henri_Louveau
464,love,John Love,John,Love,1924-12-07,Rhodesian,,,http://en.wikipedia.org/wiki/John_Love_(racing_driver)
465,lovely,Pete Lovely,Pete,Lovely,1926-04-11,American,,,http://en.wikipedia.org/wiki/Pete_Lovely
466,loyer,Roger Loyer,Roger,Loyer,1907-08-05,French,,,http://en.wikipedia.org/wiki/Roger_Loyer
467,lucas,Jean Lucas,Jean,Lucas,1917-04-25,French,,,http://en.wikipedia.org/wiki/Jean_Lucas
468,lucienbonnet,Jean Lucienbonnet,Jean,Lucienbonnet,1923-01-07,French,,,http://en.wikipedia.org/wiki/Jean_Lucienbonnet
469,lunger,Brett Lunger,Brett,Lunger,1945-11-14,American,,,http://en.wikipedia.org/wiki/Brett_Lunger
470,hayje,Boy Lunger,Boy,Lunger,1949-05-03,Dutch,,,http://en.wikipedia.org/wiki/Boy_Hayje
471,macdowel,Mike MacDowel,Mike,MacDowel,1932-09-13,British,,,http://en.wikipedia.org/wiki/Mike_MacDowel
472,mackay-fraser,Herbert MacKay-Fraser,Herbert,MacKay-Fraser,1927-06-23,American,,,http://en.wikipedia.org/wiki/Herbert_MacKay-Fraser
473,mackey,Bill Mackey,Bill,Mackey,1927-12-15,American,,,http://en.wikipedia.org/wiki/Bill_Mackey
474,macklin,Lance Macklin,Lance,Macklin,1919-09-02,British,,,http://en.wikipedia.org/wiki/Lance_Macklin
475,magee,Damien Magee,Damien,Magee,1945-11-17,British,,,http://en.wikipedia.org/wiki/Damien_Magee
476,maggs,Tony Maggs,Tony,Maggs,1937-02-09,South African,,,http://en.wikipedia.org/wiki/Tony_Maggs
477,magill,Mike Magill,Mike,Magill,1920-02-08,American,,,http://en.wikipedia.org/wiki/Mike_Magill
478,maglioli,Umberto Maglioli,Umberto,Maglioli,1928-06-05,Italian,,,http://en.wikipedia.org/wiki/Umberto_Maglioli
479,magnussen,Jan Magnussen,Jan,Magnussen,1973-07-04,Danish,,MAG,http://en.wikipedia.org/wiki/Jan_Magnussen
480,kevin_magnussen,Kevin Magnussen,Kevin,Magnussen,1992-10-05,Danish,20,MAG,http://en.wikipedia.org/wiki/Kevin_Magnussen
481,guy_mairesse,Guy Mairesse,Guy,Mairesse,1910-08-10,French,,,http://en.wikipedia.org/wiki/Guy_Mairesse
482,mairesse,Willy Mairesse,Willy,Mairesse,1928-10-01,Belgian,,,http://en.wikipedia.org/wiki/Willy_Mairesse
483,maldonado,Pastor Maldonado,Pastor,Maldonado,1985-03-09,Venezuelan,13,MAL,http://en.wikipedia.org/wiki/Pastor_Maldonado
484,mansell,Nigel Mansell,Nigel,Mansell,1953-08-08,British,,,http://en.wikipedia.org/wiki/Nigel_Mansell
485,mantovani,Sergio Mantovani,Sergio,Mantovani,1929-05-22,Italian,,,http://en.wikipedia.org/wiki/Sergio_Mantovani
486,mantz,Johnny Mantz,Johnny,Mantz,1918-09-18,American,,,http://en.wikipedia.org/wiki/Johnny_Mantz
487,manzon,Robert Manzon,Robert,Manzon,1917-04-12,French,,,http://en.wikipedia.org/wiki/Robert_Manzon
488,marimon,Onofre Marimón,Onofre,Marimón,1923-12-19,Argentine,,,http://en.wikipedia.org/wiki/Onofre_Marim%C3%B3n
489,marko,Helmut Marko,Helmut,Marko,1943-04-27,Austrian,,,http://en.wikipedia.org/wiki/Helmut_Marko
490,marques,Tarso Marques,Tarso,Marques,1976-01-19,Brazilian,,,http://en.wikipedia.org/wiki/Tarso_Marques
491,marr,Leslie Marr,Leslie,Marr,1922-08-14,British,,,http://en.wikipedia.org/wiki/Leslie_Marr
492,marsh,Tony Marsh,Tony,Marsh,1931-07-20,British,,,http://en.wikipedia.org/wiki/Tony_Marsh_(racing_driver)
493,martin,Eugène Martin,Eugène,Martin,1915-03-24,French,,,http://en.wikipedia.org/wiki/Eug%C3%A8ne_Martin
494,martini,Pierluigi Martini,Pierluigi,Martini,1961-04-23,Italian,,,http://en.wikipedia.org/wiki/Pierluigi_Martini
495,mass,Jochen Mass,Jochen,Mass,1946-09-30,German,,,http://en.wikipedia.org/wiki/Jochen_Mass
496,massa,Felipe Massa,Felipe,Massa,1981-04-25,Brazilian,19,MAS,http://en.wikipedia.org/wiki/Felipe_Massa
497,may,Michael May,Michael,May,1934-08-18,Swiss,,,http://en.wikipedia.org/wiki/Michael_May_(racing_driver)
498,mayer,Timmy Mayer,Timmy,Mayer,1938-02-22,American,,,http://en.wikipedia.org/wiki/Timmy_Mayer
499,mazepin,Nikita Mazepin,Nikita,Mazepin,1999-03-02,Russian,9,MAZ,http://en.wikipedia.org/wiki/Nikita_Mazepin
500,mazet,François Mazet,François,Mazet,1943-02-24,French,,,http://en.wikipedia.org/wiki/Fran%C3%A7ois_Mazet
501,mazzacane,Gastón Mazzacane,Gastón,Mazzacane,1975-05-08,Argentine,,,http://en.wikipedia.org/wiki/Gast%C3%B3n_Mazzacane
502,mcalpine,Kenneth McAlpine,Kenneth,McAlpine,1920-09-21,British,,,http://en.wikipedia.org/wiki/Kenneth_McAlpine
503,mccarthy,Perry McCarthy,Perry,McCarthy,1961-03-03,British,,,http://en.wikipedia.org/wiki/Perry_McCarthy
504,mccoy,Ernie McCoy,Ernie,McCoy,1921-02-19,American,,,http://en.wikipedia.org/wiki/Ernie_McCoy
505,mcdowell,Johnny McDowell,Johnny,McDowell,1915-01-29,American,,,http://en.wikipedia.org/wiki/Johnny_McDowell
506,mcgrath,Jack McGrath,Jack,McGrath,1919-10-08,American,,,http://en.wikipedia.org/wiki/Jack_McGrath_(racing_driver)
507,mcguire,Brian McGuire,Brian,McGuire,1945-12-13,Australian,,,http://en.wikipedia.org/wiki/Brian_McGuire
508,mclaren,Bruce McLaren,Bruce,McLaren,1937-08-30,New Zealander,,,http://en.wikipedia.org/wiki/Bruce_McLaren
509,mcnish,Allan McNish,Allan,McNish,1969-12-29,British,,,http://en.wikipedia.org/wiki/Allan_McNish
510,mcrae,Graham McRae,Graham,McRae,1940-03-05,New Zealander,,,http://en.wikipedia.org/wiki/Graham_McRae
511,mcwithey,Jim McWithey,Jim,McWithey,1927-07-04,American,,,http://en.wikipedia.org/wiki/Jim_McWithey
512,menditeguy,Carlos Menditeguy,Carlos,Menditeguy,1914-08-10,Argentine,,,http://en.wikipedia.org/wiki/Carlos_Menditeguy
513,merhi,Roberto Merhi,Roberto,Merhi,1991-03-22,Spanish,98,MER,http://en.wikipedia.org/wiki/Roberto_Merhi
514,merzario,Arturo Merzario,Arturo,Merzario,1943-03-11,Italian,,,http://en.wikipedia.org/wiki/Arturo_Merzario
515,mieres,Roberto Mieres,Roberto,Mieres,1924-12-03,Argentine,,,http://en.wikipedia.org/wiki/Roberto_Mieres
516,migault,François Migault,François,Migault,1944-12-04,French,,,http://en.wikipedia.org/wiki/Fran%C3%A7ois_Migault
517,ken_miles,Ken Miles,Ken,Miles,1918-11-01,British,,,http://en.wikipedia.org/wiki/Ken_Miles
518,miles,John Miles,John,Miles,1943-06-14,British,,,http://en.wikipedia.org/wiki/John_Miles_(auto_racer)
519,milhoux,André Milhoux,André,Milhoux,1928-12-09,Belgian,,,http://en.wikipedia.org/wiki/Andr%C3%A9_Milhoux
520,miller,Chet Miller,Chet,Miller,1902-07-19,American,,,http://en.wikipedia.org/wiki/Chet_Miller
521,mitter,Gerhard Mitter,Gerhard,Mitter,1935-08-30,German,,,http://en.wikipedia.org/wiki/Gerhard_Mitter
522,modena,Stefano Modena,Stefano,Modena,1963-05-12,Italian,,,http://en.wikipedia.org/wiki/Stefano_Modena
523,monarch,Thomas Monarch,Thomas,Monarch,1945-09-03,American,,,http://en.wikipedia.org/wiki/Talk:1963_Mexican_Grand_Prix#Who_was_Thomas_Monarch.3F
524,montagny,Franck Montagny,Franck,Montagny,1978-01-05,French,,FMO,http://en.wikipedia.org/wiki/Franck_Montagny
525,monteiro,Tiago Monteiro,Tiago,Monteiro,1976-07-24,Portuguese,,TMO,http://en.wikipedia.org/wiki/Tiago_Monteiro
526,montermini,Andrea Montermini,Andrea,Montermini,1964-05-30,Italian,,,http://en.wikipedia.org/wiki/Andrea_Montermini
527,monteverdi,Peter Monteverdi,Peter,Monteverdi,1934-06-07,Swiss,,,http://en.wikipedia.org/wiki/Peter_Monteverdi
528,charrington,Robin Montgomerie-Charrington,Robin,Montgomerie-Charrington,1915-06-23,British,,,http://en.wikipedia.org/wiki/Robin_Montgomerie-Charrington
529,morbidelli,Gianni Morbidelli,Gianni,Morbidelli,1968-01-13,Italian,,,http://en.wikipedia.org/wiki/Gianni_Morbidelli
530,moreno,Roberto Moreno,Roberto,Moreno,1959-02-11,Brazilian,,,http://en.wikipedia.org/wiki/Roberto_Moreno
531,morgan,Dave Morgan,Dave,Morgan,1944-08-07,British,,,http://en.wikipedia.org/wiki/Dave_Morgan_(racing_driver)
532,moser,Silvio Moser,Silvio,Moser,1941-04-24,Swiss,,,http://en.wikipedia.org/wiki/Silvio_Moser
533,moss,Stirling Moss,Stirling,Moss,1929-09-17,British,,,http://en.wikipedia.org/wiki/Stirling_Moss
534,bill_moss,Bill Moss,Bill,Moss,1933-09-04,British,,,http://en.wikipedia.org/wiki/Bill_Moss_(racing_driver)
535,munaron,Gino Munaron,Gino,Munaron,1928-04-02,Italian,,,http://en.wikipedia.org/wiki/Gino_Munaron
536,murray,David Murray,David,Murray,1909-12-28,British,,,http://en.wikipedia.org/wiki/David_Murray_(driver)
537,musso,Luigi Musso,Luigi,Musso,1924-07-28,Italian,,,http://en.wikipedia.org/wiki/Luigi_Musso
538,satoru_nakajima,Satoru Nakajima,Satoru,Nakajima,1953-02-23,Japanese,,,http://en.wikipedia.org/wiki/Satoru_Nakajima
539,nakajima,Kazuki Nakajima,Kazuki,Nakajima,1985-01-11,Japanese,,NAK,http://en.wikipedia.org/wiki/Kazuki_Nakajima
540,nakano,Shinji Nakano,Shinji,Nakano,1971-04-01,Japanese,,,http://en.wikipedia.org/wiki/Shinji_Nakano
541,nalon,Duke Nalon,Duke,Nalon,1913-03-02,American,,,http://en.wikipedia.org/wiki/Duke_Nalon
542,nannini,Alessandro Nannini,Alessandro,Nannini,1959-07-07,Italian,,,http://en.wikipedia.org/wiki/Alessandro_Nannini
543,naspetti,Emanuele Naspetti,Emanuele,Naspetti,1968-02-24,Italian,,,http://en.wikipedia.org/wiki/Emanuele_Naspetti
544,nasr,Felipe Nasr,Felipe,Nasr,1992-08-21,Brazilian,12,NAS,http://en.wikipedia.org/wiki/Felipe_Nasr
545,natili,Massimo Natili,Massimo,Natili,1935-07-28,Italian,,,http://en.wikipedia.org/wiki/Massimo_Natili
546,naylor,Brian Naylor,Brian,Naylor,1923-03-24,British,,,http://en.wikipedia.org/wiki/Brian_Naylor
547,nazaruk,Mike Nazaruk,Mike,Nazaruk,1921-10-02,American,,,http://en.wikipedia.org/wiki/Mike_Nazaruk
548,needell,Tiff Needell,Tiff,Needell,1951-10-29,British,,,http://en.wikipedia.org/wiki/Tiff_Needell
549,nelleman,Jac Nelleman,Jac,Nelleman,1944-04-19,Danish,,,http://en.wikipedia.org/wiki/Jac_Nelleman
550,nicholson,John Nicholson,John,Nicholson,1941-10-06,New Zealander,,,http://en.wikipedia.org/wiki/John_Nicholson_(racing_driver)
551,niday,Cal Niday,Cal,Niday,1914-04-29,American,,,http://en.wikipedia.org/wiki/Cal_Niday
552,niedermayr,Helmut Niedermayr,Helmut,Niedermayr,1915-11-29,German,,,http://en.wikipedia.org/wiki/Helmut_Niedermayr
553,niemann,Brausch Niemann,Brausch,Niemann,1939-01-07,South African,,,http://en.wikipedia.org/wiki/Brausch_Niemann
554,nilsson,Gunnar Nilsson,Gunnar,Nilsson,1948-11-20,Swedish,,,http://en.wikipedia.org/wiki/Gunnar_Nilsson
555,noda,Hideki Noda,Hideki,Noda,1969-03-07,Japanese,,,http://en.wikipedia.org/wiki/Hideki_Noda
556,norris,Lando Norris,Lando,Norris,1999-11-13,British,4,NOR,http://en.wikipedia.org/wiki/Lando_Norris
557,nuckey,Rodney Nuckey,Rodney,Nuckey,1929-06-26,British,,,http://en.wikipedia.org/wiki/Rodney_Nuckey
558,neve,Patrick Nève,Patrick,Nève,1949-10-13,Belgian,,,http://en.wikipedia.org/wiki/Patrick_Neve
559,obrien,Robert O'Brien,Robert,O'Brien,1908-04-11,American,,,http://en.wikipedia.org/wiki/Robert_O%27Brien_(auto_racer)
560,connor,Pat O'Connor,Pat,O'Connor,1928-10-09,American,,,http://en.wikipedia.org/wiki/Pat_O%27Connor_(auto_racer)
561,patricio_o_ward,Patricio O'Ward,Patricio,O'Ward,,Unknown,,,
562,ocon,Esteban Ocon,Esteban,Ocon,1996-09-17,French,31,OCO,http://en.wikipedia.org/wiki/Esteban_Ocon
563,oliver,Jackie Oliver,Jackie,Oliver,1942-08-14,British,,,http://en.wikipedia.org/wiki/Jackie_Oliver
564,ongais,Danny Ongais,Danny,Ongais,1942-05-21,American,,,http://en.wikipedia.org/wiki/Danny_Ongais
565,owen,Arthur Owen,Arthur,Owen,1915-03-23,British,,,http://en.wikipedia.org/wiki/Arthur_Owen
566,montoya,Juan Pablo Montoya,Juan,Pablo Montoya,1975-09-20,Colombian,,MON,http://en.wikipedia.org/wiki/Juan_Pablo_Montoya
567,pace,Carlos Pace,Carlos,Pace,1944-10-06,Brazilian,,,http://en.wikipedia.org/wiki/Carlos_Pace
568,pagani,Nello Pagani,Nello,Pagani,1911-10-11,Italian,,,http://en.wikipedia.org/wiki/Nello_Pagani
569,paletti,Riccardo Paletti,Riccardo,Paletti,1958-06-15,Italian,,,http://en.wikipedia.org/wiki/Riccardo_Paletti
570,palm,Torsten Palm,Torsten,Palm,1947-07-23,Swedish,,,http://en.wikipedia.org/wiki/Torsten_Palm
571,palmer,Jonathan Palmer,Jonathan,Palmer,1956-11-07,British,,,http://en.wikipedia.org/wiki/Jonathan_Palmer
572,jolyon_palmer,Jolyon Palmer,Jolyon,Palmer,1991-01-20,British,30,PAL,http://en.wikipedia.org/wiki/Jolyon_Palmer
573,panis,Olivier Panis,Olivier,Panis,1966-09-02,French,,,http://en.wikipedia.org/wiki/Olivier_Panis
574,pantano,Giorgio Pantano,Giorgio,Pantano,1979-02-04,Italian,,,http://en.wikipedia.org/wiki/Giorgio_Pantano
575,papis,Massimiliano Papis,Massimiliano,Papis,1969-10-03,Italian,,,http://en.wikipedia.org/wiki/Massimiliano_Papis
576,parkes,Mike Parkes,Mike,Parkes,1931-09-24,British,,,http://en.wikipedia.org/wiki/Mike_Parkes
577,reg_parnell,Reg Parnell,Reg,Parnell,1911-07-02,British,,,http://en.wikipedia.org/wiki/Reg_Parnell
578,parnell,Tim Parnell,Tim,Parnell,1932-06-25,British,,,http://en.wikipedia.org/wiki/Tim_Parnell
579,parsons,Johnnie Parsons,Johnnie,Parsons,1918-07-04,American,,,http://en.wikipedia.org/wiki/Johnnie_Parsons
580,patrese,Riccardo Patrese,Riccardo,Patrese,1954-04-17,Italian,,,http://en.wikipedia.org/wiki/Riccardo_Patrese
581,pease,Al Pease,Al,Pease,1921-10-15,Canadian,,,http://en.wikipedia.org/wiki/Al_Pease
582,penske,Roger Penske,Roger,Penske,1937-02-20,American,,,http://en.wikipedia.org/wiki/Roger_Penske
583,perdisa,Cesare Perdisa,Cesare,Perdisa,1932-10-21,Italian,,,http://en.wikipedia.org/wiki/Cesare_Perdisa
584,perkins,Larry Perkins,Larry,Perkins,1950-03-18,Australian,,,http://en.wikipedia.org/wiki/Larry_Perkins
585,pescarolo,Henri Pescarolo,Henri,Pescarolo,1942-09-25,French,,,http://en.wikipedia.org/wiki/Henri_Pescarolo
586,pesenti_rossi,Alessandro Pesenti-Rossi,Alessandro,Pesenti-Rossi,1942-08-31,Italian,,,http://en.wikipedia.org/wiki/Alessandro_Pesenti-Rossi
587,peters,Josef Peters,Josef,Peters,1914-09-16,German,,,http://en.wikipedia.org/wiki/Josef_Peters_(driver)
588,peterson,Ronnie Peterson,Ronnie,Peterson,1944-02-14,Swedish,,,http://en.wikipedia.org/wiki/Ronnie_Peterson
589,petrov,Vitaly Petrov,Vitaly,Petrov,1984-09-08,Russian,,PET,http://en.wikipedia.org/wiki/Vitaly_Petrov
590,piastri,Oscar Piastri,Oscar,Piastri,2001-04-06,Australian,81,PIA,http://en.wikipedia.org/wiki/Oscar_Piastri
591,pic,Charles Pic,Charles,Pic,1990-02-15,French,,PIC,http://en.wikipedia.org/wiki/Charles_Pic
592,picard,François Picard,François,Picard,1921-04-26,French,,,http://en.wikipedia.org/wiki/Fran%C3%A7ois_Picard
593,pieterse,Ernie Pieterse,Ernie,Pieterse,1938-07-04,South African,,,http://en.wikipedia.org/wiki/Ernie_Pieterse
594,pietsch,Paul Pietsch,Paul,Pietsch,1911-06-20,German,,,http://en.wikipedia.org/wiki/Paul_Pietsch
595,andre_pilette,André Pilette,André,Pilette,1918-10-06,Belgian,,,http://en.wikipedia.org/wiki/Andr%C3%A9_Pilette
596,pilette,Teddy Pilette,Teddy,Pilette,1942-07-26,Belgian,,,http://en.wikipedia.org/wiki/Teddy_Pilette
597,piotti,Luigi Piotti,Luigi,Piotti,1913-10-27,Italian,,,http://en.wikipedia.org/wiki/Luigi_Piotti
598,piper,David Piper,David,Piper,1930-12-02,British,,,http://en.wikipedia.org/wiki/David_Piper
599,piquet,Nelson Piquet,Nelson,Piquet,1952-08-17,Brazilian,,,http://en.wikipedia.org/wiki/Nelson_Piquet
600,piquet_jr,Nelson Piquet Jr.,Nelson,Piquet Jr.,1985-07-25,Brazilian,,PIQ,"http://en.wikipedia.org/wiki/Nelson_Piquet,_Jr."
601,pirocchi,Renato Pirocchi,Renato,Pirocchi,1933-03-26,Italian,,,http://en.wikipedia.org/wiki/Renato_Pirocchi
602,pironi,Didier Pironi,Didier,Pironi,1952-03-26,French,,,http://en.wikipedia.org/wiki/Didier_Pironi
603,pirro,Emanuele Pirro,Emanuele,Pirro,1962-01-12,Italian,,,http://en.wikipedia.org/wiki/Emanuele_Pirro
604,pizzonia,Antônio Pizzonia,Antônio,Pizzonia,1980-09-11,Brazilian,,PIZ,http://en.wikipedia.org/wiki/Ant%C3%B4nio_Pizzonia
605,pian,Alfredo Pián,Alfredo,Pián,1912-10-21,Argentine,,,http://en.wikipedia.org/wiki/Alfredo_Pi%C3%A0n
606,pollet,Jacques Pollet,Jacques,Pollet,1922-07-02,French,,,http://en.wikipedia.org/wiki/Jacques_Pollet
607,pon,Ben Pon,Ben,Pon,1936-12-09,Dutch,,,http://en.wikipedia.org/wiki/Ben_Pon
608,poore,Dennis Poore,Dennis,Poore,1916-08-19,British,,,http://en.wikipedia.org/wiki/Dennis_Poore
609,posey,Sam Posey,Sam,Posey,1944-05-26,American,,,http://en.wikipedia.org/wiki/Sam_Posey
610,pozzi,Charles Pozzi,Charles,Pozzi,1909-08-27,French,,,http://en.wikipedia.org/wiki/Charles_Pozzi
611,pretorius,Jackie Pretorius,Jackie,Pretorius,1934-11-22,South African,,,http://en.wikipedia.org/wiki/Jackie_Pretorius
612,prinoth,Ernesto Prinoth,Ernesto,Prinoth,1923-04-15,Italian,,,http://en.wikipedia.org/wiki/Ernesto_Prinoth
613,prophet,David Prophet,David,Prophet,1937-10-09,British,,,http://en.wikipedia.org/wiki/David_Prophet
614,prost,Alain Prost,Alain,Prost,1955-02-24,French,,,http://en.wikipedia.org/wiki/Alain_Prost
615,pryce,Tom Pryce,Tom,Pryce,1949-06-11,British,,,http://en.wikipedia.org/wiki/Tom_Pryce
616,purley,David Purley,David,Purley,1945-01-26,British,,,http://en.wikipedia.org/wiki/David_Purley
617,puzey,Clive Puzey,Clive,Puzey,1941-07-11,Rhodesian,,,http://en.wikipedia.org/wiki/Clive_Puzey
618,perez,Sergio Pérez,Sergio,Pérez,1990-01-26,Mexican,11,PER,http://en.wikipedia.org/wiki/Sergio_P%C3%A9rez
619,sala,Luis Pérez-Sala,Luis,Pérez-Sala,1959-05-15,Spanish,,,http://en.wikipedia.org/wiki/Luis_Perez-Sala
620,quester,Dieter Quester,Dieter,Quester,1939-05-30,Austrian,,,http://en.wikipedia.org/wiki/Dieter_Quester
621,raby,Ian Raby,Ian,Raby,1921-09-22,British,,,http://en.wikipedia.org/wiki/Ian_Raby
622,rahal,Bobby Rahal,Bobby,Rahal,1953-01-10,American,,,http://en.wikipedia.org/wiki/Bobby_Rahal
623,raphanel,Pierre-Henri Raphanel,Pierre-Henri,Raphanel,1961-05-27,French,,,http://en.wikipedia.org/wiki/Pierre-Henri_Raphanel
624,rathmann,Jim Rathmann,Jim,Rathmann,1928-07-16,American,,,http://en.wikipedia.org/wiki/Jim_Rathmann
625,dick_rathmann,Dick Rathmann,Dick,Rathmann,1924-01-06,American,,,http://en.wikipedia.org/wiki/Dick_Rathmann
626,ratzenberger,Roland Ratzenberger,Roland,Ratzenberger,1960-07-04,Austrian,,,http://en.wikipedia.org/wiki/Roland_Ratzenberger
627,rebaque,Hector Rebaque,Hector,Rebaque,1956-02-05,Mexican,,,http://en.wikipedia.org/wiki/Hector_Rebaque
628,redman,Brian Redman,Brian,Redman,1937-03-09,British,,,http://en.wikipedia.org/wiki/Brian_Redman
629,reece,Jimmy Reece,Jimmy,Reece,1929-11-17,American,,,http://en.wikipedia.org/wiki/Jimmy_Reece
630,reed,Ray Reed,Ray,Reed,1932-04-30,South African,,,http://en.wikipedia.org/wiki/Ray_Reed
631,rees,Alan Rees,Alan,Rees,1938-01-12,British,,,http://en.wikipedia.org/wiki/Alan_Rees_(racing_driver)
632,regazzoni,Clay Regazzoni,Clay,Regazzoni,1939-09-05,Swiss,,,http://en.wikipedia.org/wiki/Clay_Regazzoni
633,reutemann,Carlos Reutemann,Carlos,Reutemann,1942-04-12,Argentine,,,http://en.wikipedia.org/wiki/Carlos_Reutemann
634,reventlow,Lance Reventlow,Lance,Reventlow,1936-02-24,American,,,http://en.wikipedia.org/wiki/Lance_Reventlow
635,revson,Peter Revson,Peter,Revson,1939-02-27,American,,,http://en.wikipedia.org/wiki/Peter_Revson
636,rhodes,John Rhodes,John,Rhodes,1927-08-18,British,,,http://en.wikipedia.org/wiki/John_Rhodes_(driver)
637,ribeiro,Alex Ribeiro,Alex,Ribeiro,1948-11-07,Brazilian,,,http://en.wikipedia.org/wiki/Alex_Ribeiro
638,ricciardo,Daniel Ricciardo,Daniel,Ricciardo,1989-07-01,Australian,3,RIC,http://en.wikipedia.org/wiki/Daniel_Ricciardo
639,richardson,Ken Richardson,Ken,Richardson,1911-08-21,British,,,http://en.wikipedia.org/wiki/Ken_Richardson_(race_car_driver)
640,riess,Fritz Riess,Fritz,Riess,1922-07-11,German,,,http://en.wikipedia.org/wiki/Fritz_Riess
641,rigsby,Jim Rigsby,Jim,Rigsby,1923-06-06,American,,,http://en.wikipedia.org/wiki/Jim_Rigsby
642,rindt,Jochen Rindt,Jochen,Rindt,1942-04-18,Austrian,,,http://en.wikipedia.org/wiki/Jochen_Rindt
643,riseley_prichard,John Riseley-Prichard,John,Riseley-Prichard,1924-01-17,British,,,http://en.wikipedia.org/wiki/John_Riseley-Prichard
644,robarts,Richard Robarts,Richard,Robarts,1944-09-22,British,,,http://en.wikipedia.org/wiki/Richard_Robarts
645,ricardo_rodriguez,Ricardo Rodríguez,Ricardo,Rodríguez,1942-02-14,Mexican,,,http://en.wikipedia.org/wiki/Ricardo_Rodr%C3%ADguez_(Formula_One)
646,rodriguez,Pedro Rodríguez,Pedro,Rodríguez,1940-01-18,Mexican,,,http://en.wikipedia.org/wiki/Pedro_Rodr%C3%ADguez_(racing_driver)
647,rol,Franco Rol,Franco,Rol,1908-06-05,Italian,,,http://en.wikipedia.org/wiki/Franco_Rol
648,rollinson,Alan Rollinson,Alan,Rollinson,1943-05-15,British,,,http://en.wikipedia.org/wiki/Alan_Rollinson
649,rolt,Tony Rolt,Tony,Rolt,1918-10-16,British,,,http://en.wikipedia.org/wiki/Tony_Rolt
650,roos,Bertil Roos,Bertil,Roos,1943-10-12,Swedish,,,http://en.wikipedia.org/wiki/Bertil_Roos
651,keke_rosberg,Keke Rosberg,Keke,Rosberg,1948-12-06,Finnish,,,http://en.wikipedia.org/wiki/Keke_Rosberg
652,rosberg,Nico Rosberg,Nico,Rosberg,1985-06-27,German,6,ROS,http://en.wikipedia.org/wiki/Nico_Rosberg
653,rose,Mauri Rose,Mauri,Rose,1906-05-26,American,,,http://en.wikipedia.org/wiki/Mauri_Rose
654,rosier,Louis Rosier,Louis,Rosier,1905-11-05,French,,,http://en.wikipedia.org/wiki/Louis_Rosier
655,rosset,Ricardo Rosset,Ricardo,Rosset,1968-07-27,Brazilian,,,http://en.wikipedia.org/wiki/Ricardo_Rosset
656,rossi,Alexander Rossi,Alexander,Rossi,1991-09-25,American,53,RSS,http://en.wikipedia.org/wiki/Alexander_Rossi_%28racing_driver%29
657,rothengatter,Huub Rothengatter,Huub,Rothengatter,1954-10-08,Dutch,,,http://en.wikipedia.org/wiki/Huub_Rothengatter
658,ruby,Lloyd Ruby,Lloyd,Ruby,1928-01-12,American,,,http://en.wikipedia.org/wiki/Lloyd_Ruby
659,russell,George Russell,George,Russell,1998-02-15,British,63,RUS,http://en.wikipedia.org/wiki/George_Russell_(racing_driver)
660,paul_russo,Paul Russo,Paul,Russo,1914-04-10,American,,,http://en.wikipedia.org/wiki/Paul_Russo
661,russo,Eddie Russo,Eddie,Russo,1925-11-19,American,,,http://en.wikipedia.org/wiki/Eddie_Russo
662,geki,Giacomo Russo,Giacomo,Russo,1937-10-23,Italian,,,http://en.wikipedia.org/wiki/Geki_(driver)
663,ruttman,Troy Ruttman,Troy,Ruttman,1930-03-11,American,,,http://en.wikipedia.org/wiki/Troy_Ruttman
664,ryan,Peter Ryan,Peter,Ryan,1940-06-10,Canadian,,,http://en.wikipedia.org/wiki/Peter_Ryan_(driver)
665,raikkonen,Kimi Räikkönen,Kimi,Räikkönen,1979-10-17,Finnish,7,RAI,http://en.wikipedia.org/wiki/Kimi_R%C3%A4ikk%C3%B6nen
666,sachs,Eddie Sachs,Eddie,Sachs,1927-05-28,American,,,http://en.wikipedia.org/wiki/Eddie_Sachs
667,said,Bob Said,Bob,Said,1932-05-05,American,,,http://en.wikipedia.org/wiki/Bob_Said
668,sainz,Carlos Sainz,Carlos,Sainz,1994-09-01,Spanish,55,SAI,http://en.wikipedia.org/wiki/Carlos_Sainz_Jr.
669,salazar,Eliseo Salazar,Eliseo,Salazar,1954-11-14,Chilean,,,http://en.wikipedia.org/wiki/Eliseo_Salazar
670,salo,Mika Salo,Mika,Salo,1966-11-30,Finnish,,,http://en.wikipedia.org/wiki/Mika_Salo
671,salvadori,Roy Salvadori,Roy,Salvadori,1922-05-12,British,,,http://en.wikipedia.org/wiki/Roy_Salvadori
672,sanesi,Consalvo Sanesi,Consalvo,Sanesi,1911-03-28,Italian,,,http://en.wikipedia.org/wiki/Consalvo_Sanesi
673,sargeant,Logan Sargeant,Logan,Sargeant,2000-12-31,American,2,SAR,http://en.wikipedia.org/wiki/Logan_Sargeant
674,sarrazin,Stéphane Sarrazin,Stéphane,Sarrazin,1975-11-02,French,,,http://en.wikipedia.org/wiki/St%C3%A9phane_Sarrazin
675,sato,Takuma Sato,Takuma,Sato,1977-01-28,Japanese,,SAT,http://en.wikipedia.org/wiki/Takuma_Sato
676,scarborough,Carl Scarborough,Carl,Scarborough,1914-07-03,American,,,http://en.wikipedia.org/wiki/Carl_Scarborough
677,scarfiotti,Ludovico Scarfiotti,Ludovico,Scarfiotti,1933-10-18,Italian,,,http://en.wikipedia.org/wiki/Ludovico_Scarfiotti
678,scarlatti,Giorgio Scarlatti,Giorgio,Scarlatti,1921-10-02,Italian,,,http://en.wikipedia.org/wiki/Giorgio_Scarlatti
679,scheckter,Jody Scheckter,Jody,Scheckter,1950-01-29,South African,,,http://en.wikipedia.org/wiki/Jody_Scheckter
680,ian_scheckter,Ian Scheckter,Ian,Scheckter,1947-08-22,South African,,,http://en.wikipedia.org/wiki/Ian_Scheckter
681,schell,Harry Schell,Harry,Schell,1921-06-29,American,,,http://en.wikipedia.org/wiki/Harry_Schell
682,schenken,Tim Schenken,Tim,Schenken,1943-09-26,Australian,,,http://en.wikipedia.org/wiki/Tim_Schenken
683,scherrer,Albert Scherrer,Albert,Scherrer,1908-02-28,Swiss,,,http://en.wikipedia.org/wiki/Albert_Scherrer
684,schiattarella,Domenico Schiattarella,Domenico,Schiattarella,1967-11-17,Italian,,,http://en.wikipedia.org/wiki/Domenico_Schiattarella
685,schiller,Heinz Schiller,Heinz,Schiller,1930-01-25,Swiss,,,http://en.wikipedia.org/wiki/Heinz_Schiller
686,schindler,Bill Schindler,Bill,Schindler,1909-03-06,American,,,http://en.wikipedia.org/wiki/Bill_Schindler
687,jo_schlesser,Jo Schlesser,Jo,Schlesser,1928-05-18,French,,,http://en.wikipedia.org/wiki/Jo_Schlesser
688,schlesser,Jean-Louis Schlesser,Jean-Louis,Schlesser,1948-09-12,French,,,http://en.wikipedia.org/wiki/Jean-Louis_Schlesser
689,schneider,Bernd Schneider,Bernd,Schneider,1964-07-20,German,,,http://en.wikipedia.org/wiki/Bernd_Schneider_(racecar_driver)
690,schoeller,Rudolf Schoeller,Rudolf,Schoeller,1902-04-27,Swiss,,,http://en.wikipedia.org/wiki/Rudolf_Schoeller
691,schroeder,Rob Schroeder,Rob,Schroeder,1926-05-11,British,,,http://en.wikipedia.org/wiki/Rob_Schroeder
692,michael_schumacher,Michael Schumacher,Michael,Schumacher,1969-01-03,German,,MSC,http://en.wikipedia.org/wiki/Michael_Schumacher
693,ralf_schumacher,Ralf Schumacher,Ralf,Schumacher,1975-06-30,German,,SCH,http://en.wikipedia.org/wiki/Ralf_Schumacher
694,mick_schumacher,Mick Schumacher,Mick,Schumacher,1999-03-22,German,47,MSC,http://en.wikipedia.org/wiki/Mick_Schumacher
695,schuppan,Vern Schuppan,Vern,Schuppan,1943-03-19,Australian,,,http://en.wikipedia.org/wiki/Vern_Schuppan
696,bob_scott,Bob Scott,Bob,Scott,1928-10-04,American,,,http://en.wikipedia.org/wiki/Bob_Scott_(auto_racer)
697,scott_Brown,Archie Scott Brown,Archie,Scott Brown,1927-05-13,British,,,http://en.wikipedia.org/wiki/Archie_Scott_Brown
698,scotti,Piero Scotti,Piero,Scotti,1909-11-11,Italian,,,http://en.wikipedia.org/wiki/Piero_Scotti
699,seidel,Wolfgang Seidel,Wolfgang,Seidel,1926-07-04,German,,,http://en.wikipedia.org/wiki/Wolfgang_Seidel
700,seiffert,Günther Seiffert,Günther,Seiffert,1937-10-18,German,,,http://en.wikipedia.org/wiki/G%C3%BCnther_Seiffert
701,senna,Ayrton Senna,Ayrton,Senna,1960-03-21,Brazilian,,,http://en.wikipedia.org/wiki/Ayrton_Senna
702,bruno_senna,Bruno Senna,Bruno,Senna,1983-10-15,Brazilian,,SEN,http://en.wikipedia.org/wiki/Bruno_Senna
703,serafini,Dorino Serafini,Dorino,Serafini,1909-07-22,Italian,,,http://en.wikipedia.org/wiki/Dorino_Serafini
704,serra,Chico Serra,Chico,Serra,1957-02-03,Brazilian,,,http://en.wikipedia.org/wiki/Chico_Serra
705,serrurier,Doug Serrurier,Doug,Serrurier,1920-12-09,South African,,,http://en.wikipedia.org/wiki/Doug_Serrurier
706,gavin,Johnny Servoz-Gavin,Johnny,Servoz-Gavin,1942-01-18,French,,,http://en.wikipedia.org/wiki/Johnny_Servoz-Gavin
707,settember,Tony Settember,Tony,Settember,1926-07-10,American,,,http://en.wikipedia.org/wiki/Tony_Settember
708,sharp,Hap Sharp,Hap,Sharp,1928-01-01,American,,,http://en.wikipedia.org/wiki/Hap_Sharp
709,shawe_taylor,Brian Shawe Taylor,Brian,Shawe Taylor,1915-01-28,British,,,http://en.wikipedia.org/wiki/Brian_Shawe_Taylor
710,shelby,Carroll Shelby,Carroll,Shelby,1923-01-11,American,,,http://en.wikipedia.org/wiki/Carroll_Shelby
711,shelly,Tony Shelly,Tony,Shelly,1937-02-02,New Zealander,,,http://en.wikipedia.org/wiki/Tony_Shelly
712,cian_shields,Cian Shields,Cian,Shields,,Unknown,,,
713,siffert,Jo Siffert,Jo,Siffert,1936-07-07,Swiss,,,http://en.wikipedia.org/wiki/Jo_Siffert
714,simon,André Simon,André,Simon,1920-01-05,French,,,http://en.wikipedia.org/wiki/Andr%C3%A9_Simon_(racing_driver)
715,sirotkin,Sergey Sirotkin,Sergey,Sirotkin,1995-08-27,Russian,35,SIR,http://en.wikipedia.org/wiki/Sergey_Sirotkin_(racing_driver)
716,slotemaker,Rob Slotemaker,Rob,Slotemaker,1929-06-13,Dutch,,,http://en.wikipedia.org/wiki/Rob_Slotemaker
717,solana,Moisés Solana,Moisés,Solana,1935-12-26,Mexican,,,http://en.wikipedia.org/wiki/Mois%C3%A9s_Solana
718,roig,Alex Soler-Roig,Alex,Soler-Roig,1932-10-29,Spanish,,,http://en.wikipedia.org/wiki/Alex_Soler-Roig
719,sommer,Raymond Sommer,Raymond,Sommer,1906-08-31,French,,,http://en.wikipedia.org/wiki/Raymond_Sommer
720,sospiri,Vincenzo Sospiri,Vincenzo,Sospiri,1966-10-07,Italian,,,http://en.wikipedia.org/wiki/Vincenzo_Sospiri
721,south,Stephen South,Stephen,South,1952-02-19,British,,,http://en.wikipedia.org/wiki/Stephen_South
722,sparken,Mike Sparken,Mike,Sparken,1930-06-16,French,,,http://en.wikipedia.org/wiki/Mike_Sparken
723,speed,Scott Speed,Scott,Speed,1983-01-24,American,,SPE,http://en.wikipedia.org/wiki/Scott_Speed
724,spence,Mike Spence,Mike,Spence,1936-12-30,British,,,http://en.wikipedia.org/wiki/Mike_Spence
725,stacey,Alan Stacey,Alan,Stacey,1933-08-29,British,,,http://en.wikipedia.org/wiki/Alan_Stacey
726,starrabba,Gaetano Starrabba,Gaetano,Starrabba,1932-12-03,Italian,,,http://en.wikipedia.org/wiki/Gaetano_Starrabba
727,stevens,Will Stevens,Will,Stevens,1991-06-28,British,28,STE,http://en.wikipedia.org/wiki/Will_Stevens
728,stevenson,Chuck Stevenson,Chuck,Stevenson,1919-10-15,American,,,http://en.wikipedia.org/wiki/Chuck_Stevenson
729,jimmy_stewart,Jimmy Stewart,Jimmy,Stewart,1931-03-06,British,,,http://en.wikipedia.org/wiki/Jimmy_Stewart_(racing_driver)
730,ian_stewart,Ian Stewart,Ian,Stewart,1929-07-15,British,,,http://en.wikipedia.org/wiki/Ian_Stewart_(racing_driver)
731,stewart,Jackie Stewart,Jackie,Stewart,1939-06-11,British,,,http://en.wikipedia.org/wiki/Jackie_Stewart
732,stohr,Siegfried Stohr,Siegfried,Stohr,1952-10-10,Italian,,,http://en.wikipedia.org/wiki/Siegfried_Stohr
733,stommelen,Rolf Stommelen,Rolf,Stommelen,1943-07-11,German,,,http://en.wikipedia.org/wiki/Rolf_Stommelen
734,streiff,Philippe Streiff,Philippe,Streiff,1955-06-26,French,,,http://en.wikipedia.org/wiki/Philippe_Streiff
735,stroll,Lance Stroll,Lance,Stroll,1998-10-29,Canadian,18,STR,http://en.wikipedia.org/wiki/Lance_Stroll
736,stuck,Hans-Joachim Stuck,Hans-Joachim,Stuck,1951-01-01,German,,,http://en.wikipedia.org/wiki/Hans_Joachim_Stuck
737,stuppacher,Otto Stuppacher,Otto,Stuppacher,1947-03-03,Austrian,,,http://en.wikipedia.org/wiki/Otto_Stuppacher
738,sullivan,Danny Sullivan,Danny,Sullivan,1950-03-09,American,,,http://en.wikipedia.org/wiki/Danny_Sullivan
739,surer,Marc Surer,Marc,Surer,1951-09-18,Swiss,,,http://en.wikipedia.org/wiki/Marc_Surer
740,surtees,John Surtees,John,Surtees,1934-02-11,British,,,http://en.wikipedia.org/wiki/John_Surtees
741,sutcliffe,Andy Sutcliffe,Andy,Sutcliffe,1947-05-09,British,,,http://en.wikipedia.org/wiki/Andy_Sutcliffe
742,sutil,Adrian Sutil,Adrian,Sutil,1983-01-11,German,99,SUT,http://en.wikipedia.org/wiki/Adrian_Sutil
743,sutton,Len Sutton,Len,Sutton,1925-08-09,American,,,http://en.wikipedia.org/wiki/Len_Sutton
744,suzuki,Aguri Suzuki,Aguri,Suzuki,1960-09-08,Japanese,,,http://en.wikipedia.org/wiki/Aguri_Suzuki
745,toshio_suzuki,Toshio Suzuki,Toshio,Suzuki,1955-03-10,Japanese,,,http://en.wikipedia.org/wiki/Toshio_Suzuki_(driver)
746,swaters,Jacques Swaters,Jacques,Swaters,1926-10-30,American,,,http://en.wikipedia.org/wiki/Jacques_Swaters
747,sweikert,Bob Sweikert,Bob,Sweikert,1926-05-20,American,,,http://en.wikipedia.org/wiki/Bob_Sweikert
748,takagi,Toranosuke Takagi,Toranosuke,Takagi,1974-02-12,Japanese,,,http://en.wikipedia.org/wiki/Toranosuke_Takagi
749,takahara,Noritake Takahara,Noritake,Takahara,1951-06-06,Japanese,,,http://en.wikipedia.org/wiki/Noritake_Takahara
750,takahashi,Kunimitsu Takahashi,Kunimitsu,Takahashi,1940-01-29,Japanese,,,http://en.wikipedia.org/wiki/Kunimitsu_Takahashi
751,tambay,Patrick Tambay,Patrick,Tambay,1949-06-25,French,,,http://en.wikipedia.org/wiki/Patrick_Tambay
752,taramazzo,Luigi Taramazzo,Luigi,Taramazzo,1932-05-05,Italian,,,http://en.wikipedia.org/wiki/Luigi_Taramazzo
753,tarquini,Gabriele Tarquini,Gabriele,Tarquini,1962-03-02,Italian,,,http://en.wikipedia.org/wiki/Gabriele_Tarquini
754,taruffi,Piero Taruffi,Piero,Taruffi,1906-10-12,Italian,,,http://en.wikipedia.org/wiki/Piero_Taruffi
755,henry_taylor,Henry Taylor,Henry,Taylor,1932-12-16,British,,,http://en.wikipedia.org/wiki/Henry_Taylor_(racing_driver)
756,mike_taylor,Mike Taylor,Mike,Taylor,1934-04-24,British,,,http://en.wikipedia.org/wiki/Mike_Taylor_(driver)
757,dennis_taylor,Dennis Taylor,Dennis,Taylor,1921-06-12,British,,,http://en.wikipedia.org/wiki/Dennis_Taylor_(racing_driver)
758,trevor_taylor,Trevor Taylor,Trevor,Taylor,1936-12-26,British,,,http://en.wikipedia.org/wiki/Trevor_Taylor
759,taylor,John Taylor,John,Taylor,1933-03-23,British,,,http://en.wikipedia.org/wiki/John_Taylor_(racer)
760,teague,Marshall Teague,Marshall,Teague,1921-02-22,American,,,http://en.wikipedia.org/wiki/Marshall_Teague_(racing_driver)
761,templeman,Shorty Templeman,Shorty,Templeman,1919-08-12,American,,,http://en.wikipedia.org/wiki/Shorty_Templeman
762,testut,André Testut,André,Testut,1926-04-13,Monegasque,,,http://en.wikipedia.org/wiki/Andr%C3%A9_Testut
763,thackwell,Mike Thackwell,Mike,Thackwell,1961-03-30,New Zealander,,,http://en.wikipedia.org/wiki/Mike_Thackwell
764,thiele,Alfonso Thiele,Alfonso,Thiele,1920-04-05,Italian,,,http://en.wikipedia.org/wiki/Alfonso_Thiele
765,thompson,Eric Thompson,Eric,Thompson,1919-11-04,British,,,http://en.wikipedia.org/wiki/Eric_Thompson_(racing_driver)
766,thomson,Johnny Thomson,Johnny,Thomson,1922-04-09,American,,,http://en.wikipedia.org/wiki/Johnny_Thomson
767,thorne,Leslie Thorne,Leslie,Thorne,1916-06-23,British,,,http://en.wikipedia.org/wiki/Leslie_Thorne
768,tingelstad,Bud Tingelstad,Bud,Tingelstad,1928-04-04,American,,,http://en.wikipedia.org/wiki/Bud_Tingelstad
769,tingle,Sam Tingle,Sam,Tingle,1921-08-24,Rhodesian,,,http://en.wikipedia.org/wiki/Sam_Tingle
770,titterington,Desmond Titterington,Desmond,Titterington,1928-05-01,British,,,http://en.wikipedia.org/wiki/Desmond_Titterington
771,tolan,Johnnie Tolan,Johnnie,Tolan,1917-10-22,American,,,http://en.wikipedia.org/wiki/Johnnie_Tolan
772,trimmer,Tony Trimmer,Tony,Trimmer,1943-01-24,British,,,http://en.wikipedia.org/wiki/Tony_Trimmer
773,trintignant,Maurice Trintignant,Maurice,Trintignant,1917-10-30,French,,,http://en.wikipedia.org/wiki/Maurice_Trintignant
774,trulli,Jarno Trulli,Jarno,Trulli,1974-07-13,Italian,,TRU,http://en.wikipedia.org/wiki/Jarno_Trulli
775,tsunoda,Yuki Tsunoda,Yuki,Tsunoda,2000-05-11,Japanese,22,TSU,http://en.wikipedia.org/wiki/Yuki_Tsunoda
776,tuero,Esteban Tuero,Esteban,Tuero,1978-04-22,Argentine,,,http://en.wikipedia.org/wiki/Esteban_Tuero
777,tunmer,Guy Tunmer,Guy,Tunmer,1948-12-01,South African,,,http://en.wikipedia.org/wiki/Guy_Tunmer
778,turner,Jack Turner,Jack,Turner,1920-02-12,American,,,http://en.wikipedia.org/wiki/Jack_Turner_(driver)
779,ulmen,Toni Ulmen,Toni,Ulmen,1906-01-25,German,,,http://en.wikipedia.org/wiki/Toni_Ulmen
780,jerry_unser,Jerry Unser,Jerry,Unser,1932-11-15,American,,,http://en.wikipedia.org/wiki/Jerry_Unser
781,unser,Bobby Unser,Bobby,Unser,1934-02-20,American,,,http://en.wikipedia.org/wiki/Bobby_Unser
782,uria,Alberto Uria,Alberto,Uria,1924-07-11,Uruguayan,,,http://en.wikipedia.org/wiki/Alberto_Uria
783,vaccarella,Nino Vaccarella,Nino,Vaccarella,1933-03-04,Italian,,,http://en.wikipedia.org/wiki/Nino_Vaccarella
784,vandoorne,Stoffel Vandoorne,Stoffel,Vandoorne,1992-03-26,Belgian,2,VAN,http://en.wikipedia.org/wiki/Stoffel_Vandoorne
785,veith,Bob Veith,Bob,Veith,1926-11-01,American,,,http://en.wikipedia.org/wiki/Bob_Veith
786,vergne,Jean-Éric Vergne,Jean-Éric,Vergne,1990-04-25,French,25,VER,http://en.wikipedia.org/wiki/Jean-%C3%89ric_Vergne
787,verstappen,Jos Verstappen,Jos,Verstappen,1972-03-04,Dutch,,,http://en.wikipedia.org/wiki/Jos_Verstappen
788,max_verstappen,Max Verstappen,Max,Verstappen,1997-09-30,Dutch,3,VER,http://en.wikipedia.org/wiki/Max_Verstappen
789,vettel,Sebastian Vettel,Sebastian,Vettel,1987-07-03,German,5,VET,http://en.wikipedia.org/wiki/Sebastian_Vettel
790,gilles_villeneuve,Gilles Villeneuve,Gilles,Villeneuve,1950-01-18,Canadian,,,http://en.wikipedia.org/wiki/Gilles_Villeneuve
791,villeneuve,Jacques Villeneuve,Jacques,Villeneuve,1971-04-09,Canadian,,VIL,http://en.wikipedia.org/wiki/Jacques_Villeneuve
792,villeneuve_sr,Jacques Villeneuve Sr.,Jacques,Villeneuve Sr.,1953-11-04,Canadian,,,http://en.wikipedia.org/wiki/Jacques_Villeneuve_(elder)
793,villoresi,Luigi Villoresi,Luigi,Villoresi,1909-05-16,Italian,,,http://en.wikipedia.org/wiki/Luigi_Villoresi
794,volonterio,Ottorino Volonterio,Ottorino,Volonterio,1917-12-07,Swiss,,,http://en.wikipedia.org/wiki/Ottorino_Volonterio
795,vonlanthen,Jo Vonlanthen,Jo,Vonlanthen,1942-05-31,Swiss,,,http://en.wikipedia.org/wiki/Jo_Vonlanthen
796,vukovich,Bill Vukovich,Bill,Vukovich,1918-12-13,American,,,http://en.wikipedia.org/wiki/Bill_Vukovich
797,wacker,Fred Wacker,Fred,Wacker,1918-07-10,American,,,http://en.wikipedia.org/wiki/Fred_Wacker
798,peter_walker,Peter Walker,Peter,Walker,1912-10-07,British,,,http://en.wikipedia.org/wiki/Peter_Walker_(driver)
799,walker,David Walker,David,Walker,1941-06-10,Australian,,,http://en.wikipedia.org/wiki/David_Walker_(racing_driver)
800,wallard,Lee Wallard,Lee,Wallard,1910-09-07,American,,,http://en.wikipedia.org/wiki/Lee_Wallard
801,walter,Heini Walter,Heini,Walter,1927-07-28,Swiss,,,http://en.wikipedia.org/wiki/Heini_Walter
802,ward,Rodger Ward,Rodger,Ward,1921-01-10,American,,,http://en.wikipedia.org/wiki/Rodger_Ward
803,warwick,Derek Warwick,Derek,Warwick,1954-08-27,British,,,http://en.wikipedia.org/wiki/Derek_Warwick
804,watson,John Watson,John,Watson,1946-05-04,British,,,http://en.wikipedia.org/wiki/John_Watson_(racing_driver)
805,webb,Travis Webb,Travis,Webb,1910-10-08,American,,,http://en.wikipedia.org/wiki/Travis_Webb
806,webber,Mark Webber,Mark,Webber,1976-08-27,Australian,,WEB,http://en.wikipedia.org/wiki/Mark_Webber_(racing_driver)
807,wehrlein,Pascal Wehrlein,Pascal,Wehrlein,1994-10-18,German,94,WEH,http://en.wikipedia.org/wiki/Pascal_Wehrlein
808,weidler,Volker Weidler,Volker,Weidler,1962-03-18,German,,,http://en.wikipedia.org/wiki/Volker_Weidler
809,weiler,Wayne Weiler,Wayne,Weiler,1934-12-09,American,,,http://en.wikipedia.org/wiki/Wayne_Weiler
810,wendlinger,Karl Wendlinger,Karl,Wendlinger,1968-12-20,Austrian,,,http://en.wikipedia.org/wiki/Karl_Wendlinger
811,westbury,Peter Westbury,Peter,Westbury,1938-05-26,British,,,http://en.wikipedia.org/wiki/Peter_Westbury
812,weyant,Chuck Weyant,Chuck,Weyant,1923-04-03,American,,,http://en.wikipedia.org/wiki/Chuck_Weyant
813,wharton,Ken Wharton,Ken,Wharton,1916-03-21,British,,,http://en.wikipedia.org/wiki/Ken_Wharton
814,whiteaway,Ted Whiteaway,Ted,Whiteaway,1928-11-01,British,,,http://en.wikipedia.org/wiki/Ted_Whiteaway
815,whitehead,Peter Whitehead,Peter,Whitehead,1914-11-12,British,,,http://en.wikipedia.org/wiki/Peter_Whitehead_(racing_driver)
816,graham_whitehead,Graham Whitehead,Graham,Whitehead,1922-04-15,British,,,http://en.wikipedia.org/wiki/Graham_Whitehead
817,whitehouse,Bill Whitehouse,Bill,Whitehouse,1909-04-01,British,,,http://en.wikipedia.org/wiki/Bill_Whitehouse
818,widdows,Robin Widdows,Robin,Widdows,1942-05-27,British,,,http://en.wikipedia.org/wiki/Robin_Widdows
819,wietzes,Eppie Wietzes,Eppie,Wietzes,1938-05-28,Canadian,,,http://en.wikipedia.org/wiki/Eppie_Wietzes
820,wilds,Mike Wilds,Mike,Wilds,1946-01-07,British,,,http://en.wikipedia.org/wiki/Mike_Wilds
821,williams,Jonathan Williams,Jonathan,Williams,1942-10-26,British,,,http://en.wikipedia.org/wiki/Jonathan_Williams_(racing_driver)
822,williamson,Roger Williamson,Roger,Williamson,1948-02-02,British,,,http://en.wikipedia.org/wiki/Roger_Williamson
823,dempsey_wilson,Dempsey Wilson,Dempsey,Wilson,1927-03-11,American,,,http://en.wikipedia.org/wiki/Dempsey_Wilson
824,vic_wilson,Vic Wilson,Vic,Wilson,1931-04-14,British,,,http://en.wikipedia.org/wiki/Vic_Wilson_(motor_racing_driver)
825,desire_wilson,Desiré Wilson,Desiré,Wilson,1953-11-26,South African,,,http://en.wikipedia.org/wiki/Desir%C3%A9_Wilson
826,wilson,Justin Wilson,Justin,Wilson,1978-07-31,British,,,http://en.wikipedia.org/wiki/Justin_Wilson_(racing_driver)
827,manfred_winkelhock,Manfred Winkelhock,Manfred,Winkelhock,1951-10-06,German,,,http://en.wikipedia.org/wiki/Manfred_Winkelhock
828,joachim_winkelhock,Joachim Winkelhock,Joachim,Winkelhock,1960-10-24,German,,,http://en.wikipedia.org/wiki/Joachim_Winkelhock
829,markus_winkelhock,Markus Winkelhock,Markus,Winkelhock,1980-06-13,German,,WIN,http://en.wikipedia.org/wiki/Markus_Winkelhock
830,wisell,Reine Wisell,Reine,Wisell,1941-09-30,Swedish,,,http://en.wikipedia.org/wiki/Reine_Wisell
831,wunderink,Roelof Wunderink,Roelof,Wunderink,1948-12-12,Dutch,,,http://en.wikipedia.org/wiki/Roelof_Wunderink
832,wurz,Alexander Wurz,Alexander,Wurz,1974-02-15,Austrian,,WUR,http://en.wikipedia.org/wiki/Alexander_Wurz
833,yamamoto,Sakon Yamamoto,Sakon,Yamamoto,1982-07-09,Japanese,,YAM,http://en.wikipedia.org/wiki/Sakon_Yamamoto
834,yoong,Alex Yoong,Alex,Yoong,1976-07-20,Malaysian,,,http://en.wikipedia.org/wiki/Alex_Yoong
835,zanardi,Alessandro Zanardi,Alessandro,Zanardi,1966-10-23,Italian,,,http://en.wikipedia.org/wiki/Alex_Zanardi
836,zapico,Emilio Zapico,Emilio,Zapico,1944-05-27,Spanish,,,http://en.wikipedia.org/wiki/Emilio_Zapico
837,zhou,Guanyu Zhou,Guanyu,Zhou,1999-05-30,Chinese,24,ZHO,http://en.wikipedia.org/wiki/Zhou_Guanyu
838,zonta,Ricardo Zonta,Ricardo,Zonta,1976-03-23,Brazilian,,ZON,http://en.wikipedia.org/wiki/Ricardo_Zonta
839,zorzi,Renzo Zorzi,Renzo,Zorzi,1946-12-12,Italian,,,http://en.wikipedia.org/wiki/Renzo_Zorzi
840,zunino,Ricardo Zunino,Ricardo,Zunino,1949-04-13,Argentine,,,http://en.wikipedia.org/wiki/Ricardo_Zunino
841,ambrosio,Jérôme d'Ambrosio,Jérôme,d'Ambrosio,1985-12-27,Belgian,,DAM,http://en.wikipedia.org/wiki/J%C3%A9r%C3%B4me_d%27Ambrosio
842,orey,Fritz d'Orey,Fritz,d'Orey,1938-03-25,Brazilian,,,http://en.wikipedia.org/wiki/Fritz_d%27Orey
843,matta,Cristiano da Matta,Cristiano,da Matta,1973-09-19,Brazilian,,,http://en.wikipedia.org/wiki/Cristiano_da_Matta
844,ramos,Hernando da Silva Ramos,Hernando,da Silva Ramos,1925-12-07,Brazilian,,,http://en.wikipedia.org/wiki/Hernando_da_Silva_Ramos
845,adamich,Andrea de Adamich,Andrea,de Adamich,1941-10-03,Italian,,,http://en.wikipedia.org/wiki/Andrea_de_Adamich
846,angelis,Elio de Angelis,Elio,de Angelis,1958-03-26,Italian,,,http://en.wikipedia.org/wiki/Elio_de_Angelis
847,beaufort,Carel Godin de Beaufort,Carel Godin,de Beaufort,1934-04-10,Dutch,,,http://en.wikipedia.org/wiki/Carel_Godin_de_Beaufort
848,cesaris,Andrea de Cesaris,Andrea,de Cesaris,1959-05-31,Italian,,,http://en.wikipedia.org/wiki/Andrea_de_Cesaris
849,Changy,Alain de Changy,Alain,de Changy,1922-02-05,Belgian,,,http://en.wikipedia.org/wiki/Alain_de_Changy
850,dryver,Bernard de Dryver,Bernard,de Dryver,1952-09-19,Belgian,,,http://en.wikipedia.org/wiki/Bernard_de_Dryver
851,filippis,Maria de Filippis,Maria,de Filippis,1926-11-11,Italian,,,http://en.wikipedia.org/wiki/Maria_Teresa_de_Filippis
852,graffenried,Toulo de Graffenried,Toulo,de Graffenried,1914-05-18,Swiss,,,http://en.wikipedia.org/wiki/Toulo_de_Graffenried
853,klerk,Peter de Klerk,Peter,de Klerk,1935-03-16,South African,,,http://en.wikipedia.org/wiki/Peter_de_Klerk
854,portago,Alfonso de Portago,Alfonso,de Portago,1928-10-11,Spanish,,,http://en.wikipedia.org/wiki/Alfonso_de_Portago
855,riu,Giovanni de Riu,Giovanni,de Riu,1925-03-10,Italian,,,http://en.wikipedia.org/wiki/Giovanni_de_Riu
856,terra,Max de Terra,Max,de Terra,1918-10-06,Swiss,,,http://en.wikipedia.org/wiki/Max_de_Terra
857,tomaso,Alessandro de Tomaso,Alessandro,de Tomaso,1928-07-10,Argentine,,,http://en.wikipedia.org/wiki/Alessandro_de_Tomaso
858,tornaco,Charles de Tornaco,Charles,de Tornaco,1927-06-07,Belgian,,,http://en.wikipedia.org/wiki/Charles_de_Tornaco
859,villota,Emilio de Villota,Emilio,de Villota,1946-07-26,Spanish,,,http://en.wikipedia.org/wiki/Emilio_de_Villota
860,vos,Ernie de Vos,Ernie,de Vos,1941-07-01,Dutch,,,http://en.wikipedia.org/wiki/Ernie_de_Vos
861,de_vries,Nyck de Vries,Nyck,de Vries,1995-02-06,Dutch,21,DEV,http://en.wikipedia.org/wiki/Nyck_de_Vries
862,rosa,Pedro de la Rosa,Pedro,de la Rosa,1971-02-24,Spanish,,DLR,http://en.wikipedia.org/wiki/Pedro_de_la_Rosa
863,grassi,Lucas di Grassi,Lucas,di Grassi,1984-08-11,Brazilian,,DIG,http://en.wikipedia.org/wiki/Lucas_di_Grassi
864,resta,Paul di Resta,Paul,di Resta,1986-04-16,British,40,DIR,http://en.wikipedia.org/wiki/Paul_di_Resta
865,lennep,Gijs van Lennep,Gijs,van Lennep,1942-03-16,Dutch,,,http://en.wikipedia.org/wiki/Gijs_Van_Lennep
866,rooyen,Basil van Rooyen,Basil,van Rooyen,1939-04-19,South African,,,http://en.wikipedia.org/wiki/Basil_van_Rooyen
867,poele,Eric van de Poele,Eric,van de Poele,1961-09-30,Belgian,,,http://en.wikipedia.org/wiki/Eric_van_de_Poele
868,garde,Giedo van der Garde,Giedo,van der Garde,1985-04-25,Dutch,,VDG,http://en.wikipedia.org/wiki/Giedo_van_der_Garde
869,lof,Dries van der Lof,Dries,van der Lof,1919-08-23,Dutch,,,http://en.wikipedia.org/wiki/Dries_van_der_Lof
870,vyver,Syd van der Vyver,Syd,van der Vyver,1920-06-01,South African,,,http://en.wikipedia.org/wiki/Syd_van_der_Vyver
871,opel,Rikky von Opel,Rikky,von Opel,1947-10-14,Liechtensteiner,,,http://en.wikipedia.org/wiki/Rikky_von_Opel
872,hans_stuck,Hans von Stuck,Hans,von Stuck,1900-12-27,German,,,http://en.wikipedia.org/wiki/Hans_Von_Stuck
873,trips,Wolfgang von Trips,Wolfgang,von Trips,1928-05-04,German,,,http://en.wikipedia.org/wiki/Wolfgang_Graf_Berghe_von_Trips
874,etancelin,Philippe Étancelin,Philippe,Étancelin,1896-12-28,French,,,http://en.wikipedia.org/wiki/Philippe_%C3%89tancelin
