id,season,round,name,circuit_name,circuit_location,circuit_country,date,url
84,2000,1,Australian Grand Prix,Albert Park Grand Prix Circuit,Melbourne,Australia,2000-03-12,https://en.wikipedia.org/wiki/2000_Australian_Grand_Prix
85,2000,2,Brazilian Grand Prix,Autódromo José Carlos Pace,São Paulo,Brazil,2000-03-26,https://en.wikipedia.org/wiki/2000_Brazilian_Grand_Prix
86,2000,3,San Marino Grand Prix,Autodromo Enzo e Dino Ferrari,Imola,Italy,2000-04-09,https://en.wikipedia.org/wiki/2000_San_Marino_Grand_Prix
87,2000,4,British Grand Prix,Silverstone Circuit,Silverstone,UK,2000-04-23,https://en.wikipedia.org/wiki/2000_British_Grand_Prix
88,2000,5,Spanish Grand Prix,Circuit de Barcelona-Catalunya,Barcelona,Spain,2000-05-07,https://en.wikipedia.org/wiki/2000_Spanish_Grand_Prix
89,2000,6,European Grand Prix,Nürburgring,Nürburg,Germany,2000-05-21,https://en.wikipedia.org/wiki/2000_European_Grand_Prix
90,2000,7,Monaco Grand Prix,Circuit de Monaco,Monte Carlo,Monaco,2000-06-04,https://en.wikipedia.org/wiki/2000_Monaco_Grand_Prix
91,2000,8,Canadian Grand Prix,Circuit Gilles Villeneuve,Montreal,Canada,2000-06-18,https://en.wikipedia.org/wiki/2000_Canadian_Grand_Prix
92,2000,9,French Grand Prix,Circuit de Nevers Magny-Cours,Magny Cours,France,2000-07-02,https://en.wikipedia.org/wiki/2000_French_Grand_Prix
93,2000,10,Austrian Grand Prix,Red Bull Ring,Spielberg,Austria,2000-07-16,https://en.wikipedia.org/wiki/2000_Austrian_Grand_Prix
94,2000,11,German Grand Prix,Hockenheimring,Hockenheim,Germany,2000-07-30,https://en.wikipedia.org/wiki/2000_German_Grand_Prix
95,2000,12,Hungarian Grand Prix,Hungaroring,Budapest,Hungary,2000-08-13,https://en.wikipedia.org/wiki/2000_Hungarian_Grand_Prix
96,2000,13,Belgian Grand Prix,Circuit de Spa-Francorchamps,Spa,Belgium,2000-08-27,https://en.wikipedia.org/wiki/2000_Belgian_Grand_Prix
97,2000,14,Italian Grand Prix,Autodromo Nazionale di Monza,Monza,Italy,2000-09-10,https://en.wikipedia.org/wiki/2000_Italian_Grand_Prix
98,2000,15,United States Grand Prix,Indianapolis Motor Speedway,Indianapolis,USA,2000-09-24,https://en.wikipedia.org/wiki/2000_United_States_Grand_Prix
99,2000,16,Japanese Grand Prix,Suzuka Circuit,Suzuka,Japan,2000-10-08,https://en.wikipedia.org/wiki/2000_Japanese_Grand_Prix
100,2000,17,Malaysian Grand Prix,Sepang International Circuit,Kuala Lumpur,Malaysia,2000-10-22,https://en.wikipedia.org/wiki/2000_Malaysian_Grand_Prix
101,2001,1,Australian Grand Prix,Albert Park Grand Prix Circuit,Melbourne,Australia,2001-03-04,https://en.wikipedia.org/wiki/2001_Australian_Grand_Prix
102,2001,2,Malaysian Grand Prix,Sepang International Circuit,Kuala Lumpur,Malaysia,2001-03-18,https://en.wikipedia.org/wiki/2001_Malaysian_Grand_Prix
103,2001,3,Brazilian Grand Prix,Autódromo José Carlos Pace,São Paulo,Brazil,2001-04-01,https://en.wikipedia.org/wiki/2001_Brazilian_Grand_Prix
104,2001,4,San Marino Grand Prix,Autodromo Enzo e Dino Ferrari,Imola,Italy,2001-04-15,https://en.wikipedia.org/wiki/2001_San_Marino_Grand_Prix
105,2001,5,Spanish Grand Prix,Circuit de Barcelona-Catalunya,Barcelona,Spain,2001-04-29,https://en.wikipedia.org/wiki/2001_Spanish_Grand_Prix
106,2001,6,Austrian Grand Prix,Red Bull Ring,Spielberg,Austria,2001-05-13,https://en.wikipedia.org/wiki/2001_Austrian_Grand_Prix
107,2001,7,Monaco Grand Prix,Circuit de Monaco,Monte Carlo,Monaco,2001-05-27,https://en.wikipedia.org/wiki/2001_Monaco_Grand_Prix
108,2001,8,Canadian Grand Prix,Circuit Gilles Villeneuve,Montreal,Canada,2001-06-10,https://en.wikipedia.org/wiki/2001_Canadian_Grand_Prix
109,2001,9,European Grand Prix,Nürburgring,Nürburg,Germany,2001-06-24,https://en.wikipedia.org/wiki/2001_European_Grand_Prix
110,2001,10,French Grand Prix,Circuit de Nevers Magny-Cours,Magny Cours,France,2001-07-01,https://en.wikipedia.org/wiki/2001_French_Grand_Prix
111,2001,11,British Grand Prix,Silverstone Circuit,Silverstone,UK,2001-07-15,https://en.wikipedia.org/wiki/2001_British_Grand_Prix
112,2001,12,German Grand Prix,Hockenheimring,Hockenheim,Germany,2001-07-29,https://en.wikipedia.org/wiki/2001_German_Grand_Prix
113,2001,13,Hungarian Grand Prix,Hungaroring,Budapest,Hungary,2001-08-19,https://en.wikipedia.org/wiki/2001_Hungarian_Grand_Prix
114,2001,14,Belgian Grand Prix,Circuit de Spa-Francorchamps,Spa,Belgium,2001-09-02,https://en.wikipedia.org/wiki/2001_Belgian_Grand_Prix
115,2001,15,Italian Grand Prix,Autodromo Nazionale di Monza,Monza,Italy,2001-09-16,https://en.wikipedia.org/wiki/2001_Italian_Grand_Prix
116,2001,16,United States Grand Prix,Indianapolis Motor Speedway,Indianapolis,USA,2001-09-30,https://en.wikipedia.org/wiki/2001_United_States_Grand_Prix
117,2001,17,Japanese Grand Prix,Suzuka Circuit,Suzuka,Japan,2001-10-14,https://en.wikipedia.org/wiki/2001_Japanese_Grand_Prix
118,2002,1,Australian Grand Prix,Albert Park Grand Prix Circuit,Melbourne,Australia,2002-03-03,https://en.wikipedia.org/wiki/2002_Australian_Grand_Prix
119,2002,2,Malaysian Grand Prix,Sepang International Circuit,Kuala Lumpur,Malaysia,2002-03-17,https://en.wikipedia.org/wiki/2002_Malaysian_Grand_Prix
120,2002,3,Brazilian Grand Prix,Autódromo José Carlos Pace,São Paulo,Brazil,2002-03-31,https://en.wikipedia.org/wiki/2002_Brazilian_Grand_Prix
121,2002,4,San Marino Grand Prix,Autodromo Enzo e Dino Ferrari,Imola,Italy,2002-04-14,https://en.wikipedia.org/wiki/2002_San_Marino_Grand_Prix
122,2002,5,Spanish Grand Prix,Circuit de Barcelona-Catalunya,Barcelona,Spain,2002-04-28,https://en.wikipedia.org/wiki/2002_Spanish_Grand_Prix
123,2002,6,Austrian Grand Prix,Red Bull Ring,Spielberg,Austria,2002-05-12,https://en.wikipedia.org/wiki/2002_Austrian_Grand_Prix
124,2002,7,Monaco Grand Prix,Circuit de Monaco,Monte Carlo,Monaco,2002-05-26,https://en.wikipedia.org/wiki/2002_Monaco_Grand_Prix
125,2002,8,Canadian Grand Prix,Circuit Gilles Villeneuve,Montreal,Canada,2002-06-09,https://en.wikipedia.org/wiki/2002_Canadian_Grand_Prix
126,2002,9,European Grand Prix,Nürburgring,Nürburg,Germany,2002-06-23,https://en.wikipedia.org/wiki/2002_European_Grand_Prix
127,2002,10,British Grand Prix,Silverstone Circuit,Silverstone,UK,2002-07-07,https://en.wikipedia.org/wiki/2002_British_Grand_Prix
128,2002,11,French Grand Prix,Circuit de Nevers Magny-Cours,Magny Cours,France,2002-07-21,https://en.wikipedia.org/wiki/2002_French_Grand_Prix
129,2002,12,German Grand Prix,Hockenheimring,Hockenheim,Germany,2002-07-28,https://en.wikipedia.org/wiki/2002_German_Grand_Prix
130,2002,13,Hungarian Grand Prix,Hungaroring,Budapest,Hungary,2002-08-18,https://en.wikipedia.org/wiki/2002_Hungarian_Grand_Prix
131,2002,14,Belgian Grand Prix,Circuit de Spa-Francorchamps,Spa,Belgium,2002-09-01,https://en.wikipedia.org/wiki/2002_Belgian_Grand_Prix
132,2002,15,Italian Grand Prix,Autodromo Nazionale di Monza,Monza,Italy,2002-09-15,https://en.wikipedia.org/wiki/2002_Italian_Grand_Prix
133,2002,16,United States Grand Prix,Indianapolis Motor Speedway,Indianapolis,USA,2002-09-29,https://en.wikipedia.org/wiki/2002_United_States_Grand_Prix
134,2002,17,Japanese Grand Prix,Suzuka Circuit,Suzuka,Japan,2002-10-13,https://en.wikipedia.org/wiki/2002_Japanese_Grand_Prix
135,2003,1,Australian Grand Prix,Albert Park Grand Prix Circuit,Melbourne,Australia,2003-03-09,https://en.wikipedia.org/wiki/2003_Australian_Grand_Prix
136,2003,2,Malaysian Grand Prix,Sepang International Circuit,Kuala Lumpur,Malaysia,2003-03-23,https://en.wikipedia.org/wiki/2003_Malaysian_Grand_Prix
137,2003,3,Brazilian Grand Prix,Autódromo José Carlos Pace,São Paulo,Brazil,2003-04-06,https://en.wikipedia.org/wiki/2003_Brazilian_Grand_Prix
138,2003,4,San Marino Grand Prix,Autodromo Enzo e Dino Ferrari,Imola,Italy,2003-04-20,https://en.wikipedia.org/wiki/2003_San_Marino_Grand_Prix
139,2003,5,Spanish Grand Prix,Circuit de Barcelona-Catalunya,Barcelona,Spain,2003-05-04,https://en.wikipedia.org/wiki/2003_Spanish_Grand_Prix
140,2003,6,Austrian Grand Prix,Red Bull Ring,Spielberg,Austria,2003-05-18,https://en.wikipedia.org/wiki/2003_Austrian_Grand_Prix
141,2003,7,Monaco Grand Prix,Circuit de Monaco,Monte Carlo,Monaco,2003-06-01,https://en.wikipedia.org/wiki/2003_Monaco_Grand_Prix
142,2003,8,Canadian Grand Prix,Circuit Gilles Villeneuve,Montreal,Canada,2003-06-15,https://en.wikipedia.org/wiki/2003_Canadian_Grand_Prix
143,2003,9,European Grand Prix,Nürburgring,Nürburg,Germany,2003-06-29,https://en.wikipedia.org/wiki/2003_European_Grand_Prix
144,2003,10,French Grand Prix,Circuit de Nevers Magny-Cours,Magny Cours,France,2003-07-06,https://en.wikipedia.org/wiki/2003_French_Grand_Prix
145,2003,11,British Grand Prix,Silverstone Circuit,Silverstone,UK,2003-07-20,https://en.wikipedia.org/wiki/2003_British_Grand_Prix
146,2003,12,German Grand Prix,Hockenheimring,Hockenheim,Germany,2003-08-03,https://en.wikipedia.org/wiki/2003_German_Grand_Prix
147,2003,13,Hungarian Grand Prix,Hungaroring,Budapest,Hungary,2003-08-24,https://en.wikipedia.org/wiki/2003_Hungarian_Grand_Prix
148,2003,14,Italian Grand Prix,Autodromo Nazionale di Monza,Monza,Italy,2003-09-14,https://en.wikipedia.org/wiki/2003_Italian_Grand_Prix
149,2003,15,United States Grand Prix,Indianapolis Motor Speedway,Indianapolis,USA,2003-09-28,https://en.wikipedia.org/wiki/2003_United_States_Grand_Prix
150,2003,16,Japanese Grand Prix,Suzuka Circuit,Suzuka,Japan,2003-10-12,https://en.wikipedia.org/wiki/2003_Japanese_Grand_Prix
151,2004,1,Australian Grand Prix,Albert Park Grand Prix Circuit,Melbourne,Australia,2004-03-07,https://en.wikipedia.org/wiki/2004_Australian_Grand_Prix
152,2004,2,Malaysian Grand Prix,Sepang International Circuit,Kuala Lumpur,Malaysia,2004-03-21,https://en.wikipedia.org/wiki/2004_Malaysian_Grand_Prix
153,2004,3,Bahrain Grand Prix,Bahrain International Circuit,Sakhir,Bahrain,2004-04-04,https://en.wikipedia.org/wiki/2004_Bahrain_Grand_Prix
154,2004,4,San Marino Grand Prix,Autodromo Enzo e Dino Ferrari,Imola,Italy,2004-04-25,https://en.wikipedia.org/wiki/2004_San_Marino_Grand_Prix
155,2004,5,Spanish Grand Prix,Circuit de Barcelona-Catalunya,Barcelona,Spain,2004-05-09,https://en.wikipedia.org/wiki/2004_Spanish_Grand_Prix
156,2004,6,Monaco Grand Prix,Circuit de Monaco,Monte Carlo,Monaco,2004-05-23,https://en.wikipedia.org/wiki/2004_Monaco_Grand_Prix
157,2004,7,European Grand Prix,Nürburgring,Nürburg,Germany,2004-05-30,https://en.wikipedia.org/wiki/2004_European_Grand_Prix
158,2004,8,Canadian Grand Prix,Circuit Gilles Villeneuve,Montreal,Canada,2004-06-13,https://en.wikipedia.org/wiki/2004_Canadian_Grand_Prix
159,2004,9,United States Grand Prix,Indianapolis Motor Speedway,Indianapolis,USA,2004-06-20,https://en.wikipedia.org/wiki/2004_United_States_Grand_Prix
160,2004,10,French Grand Prix,Circuit de Nevers Magny-Cours,Magny Cours,France,2004-07-04,https://en.wikipedia.org/wiki/2004_French_Grand_Prix
161,2004,11,British Grand Prix,Silverstone Circuit,Silverstone,UK,2004-07-11,https://en.wikipedia.org/wiki/2004_British_Grand_Prix
162,2004,12,German Grand Prix,Hockenheimring,Hockenheim,Germany,2004-07-25,https://en.wikipedia.org/wiki/2004_German_Grand_Prix
163,2004,13,Hungarian Grand Prix,Hungaroring,Budapest,Hungary,2004-08-15,https://en.wikipedia.org/wiki/2004_Hungarian_Grand_Prix
164,2004,14,Belgian Grand Prix,Circuit de Spa-Francorchamps,Spa,Belgium,2004-08-29,https://en.wikipedia.org/wiki/2004_Belgian_Grand_Prix
165,2004,15,Italian Grand Prix,Autodromo Nazionale di Monza,Monza,Italy,2004-09-12,https://en.wikipedia.org/wiki/2004_Italian_Grand_Prix
166,2004,16,Chinese Grand Prix,Shanghai International Circuit,Shanghai,China,2004-09-26,https://en.wikipedia.org/wiki/2004_Chinese_Grand_Prix
167,2004,17,Japanese Grand Prix,Suzuka Circuit,Suzuka,Japan,2004-10-10,https://en.wikipedia.org/wiki/2004_Japanese_Grand_Prix
168,2004,18,Brazilian Grand Prix,Autódromo José Carlos Pace,São Paulo,Brazil,2004-10-24,https://en.wikipedia.org/wiki/2004_Brazilian_Grand_Prix
169,2005,1,Australian Grand Prix,Albert Park Grand Prix Circuit,Melbourne,Australia,2005-03-06,https://en.wikipedia.org/wiki/2005_Australian_Grand_Prix
170,2005,2,Malaysian Grand Prix,Sepang International Circuit,Kuala Lumpur,Malaysia,2005-03-20,https://en.wikipedia.org/wiki/2005_Malaysian_Grand_Prix
171,2005,3,Bahrain Grand Prix,Bahrain International Circuit,Sakhir,Bahrain,2005-04-03,https://en.wikipedia.org/wiki/2005_Bahrain_Grand_Prix
172,2005,4,San Marino Grand Prix,Autodromo Enzo e Dino Ferrari,Imola,Italy,2005-04-24,https://en.wikipedia.org/wiki/2005_San_Marino_Grand_Prix
173,2005,5,Spanish Grand Prix,Circuit de Barcelona-Catalunya,Barcelona,Spain,2005-05-08,https://en.wikipedia.org/wiki/2005_Spanish_Grand_Prix
174,2005,6,Monaco Grand Prix,Circuit de Monaco,Monte Carlo,Monaco,2005-05-22,https://en.wikipedia.org/wiki/2005_Monaco_Grand_Prix
175,2005,7,European Grand Prix,Nürburgring,Nürburg,Germany,2005-05-29,https://en.wikipedia.org/wiki/2005_European_Grand_Prix
176,2005,8,Canadian Grand Prix,Circuit Gilles Villeneuve,Montreal,Canada,2005-06-12,https://en.wikipedia.org/wiki/2005_Canadian_Grand_Prix
177,2005,9,United States Grand Prix,Indianapolis Motor Speedway,Indianapolis,USA,2005-06-19,https://en.wikipedia.org/wiki/2005_United_States_Grand_Prix
178,2005,10,French Grand Prix,Circuit de Nevers Magny-Cours,Magny Cours,France,2005-07-03,https://en.wikipedia.org/wiki/2005_French_Grand_Prix
179,2005,11,British Grand Prix,Silverstone Circuit,Silverstone,UK,2005-07-10,https://en.wikipedia.org/wiki/2005_British_Grand_Prix
180,2005,12,German Grand Prix,Hockenheimring,Hockenheim,Germany,2005-07-24,https://en.wikipedia.org/wiki/2005_German_Grand_Prix
181,2005,13,Hungarian Grand Prix,Hungaroring,Budapest,Hungary,2005-07-31,https://en.wikipedia.org/wiki/2005_Hungarian_Grand_Prix
182,2005,14,Turkish Grand Prix,Istanbul Park,Istanbul,Turkey,2005-08-21,https://en.wikipedia.org/wiki/2005_Turkish_Grand_Prix
183,2005,15,Italian Grand Prix,Autodromo Nazionale di Monza,Monza,Italy,2005-09-04,https://en.wikipedia.org/wiki/2005_Italian_Grand_Prix
184,2005,16,Belgian Grand Prix,Circuit de Spa-Francorchamps,Spa,Belgium,2005-09-11,https://en.wikipedia.org/wiki/2005_Belgian_Grand_Prix
185,2005,17,Brazilian Grand Prix,Autódromo José Carlos Pace,São Paulo,Brazil,2005-09-25,https://en.wikipedia.org/wiki/2005_Brazilian_Grand_Prix
186,2005,18,Japanese Grand Prix,Suzuka Circuit,Suzuka,Japan,2005-10-09,https://en.wikipedia.org/wiki/2005_Japanese_Grand_Prix
187,2005,19,Chinese Grand Prix,Shanghai International Circuit,Shanghai,China,2005-10-16,https://en.wikipedia.org/wiki/2005_Chinese_Grand_Prix
188,2006,1,Bahrain Grand Prix,Bahrain International Circuit,Sakhir,Bahrain,2006-03-12,https://en.wikipedia.org/wiki/2006_Bahrain_Grand_Prix
189,2006,2,Malaysian Grand Prix,Sepang International Circuit,Kuala Lumpur,Malaysia,2006-03-19,https://en.wikipedia.org/wiki/2006_Malaysian_Grand_Prix
190,2006,3,Australian Grand Prix,Albert Park Grand Prix Circuit,Melbourne,Australia,2006-04-02,https://en.wikipedia.org/wiki/2006_Australian_Grand_Prix
191,2006,4,San Marino Grand Prix,Autodromo Enzo e Dino Ferrari,Imola,Italy,2006-04-23,https://en.wikipedia.org/wiki/2006_San_Marino_Grand_Prix
192,2006,5,European Grand Prix,Nürburgring,Nürburg,Germany,2006-05-07,https://en.wikipedia.org/wiki/2006_European_Grand_Prix
193,2006,6,Spanish Grand Prix,Circuit de Barcelona-Catalunya,Barcelona,Spain,2006-05-14,https://en.wikipedia.org/wiki/2006_Spanish_Grand_Prix
194,2006,7,Monaco Grand Prix,Circuit de Monaco,Monte Carlo,Monaco,2006-05-28,https://en.wikipedia.org/wiki/2006_Monaco_Grand_Prix
195,2006,8,British Grand Prix,Silverstone Circuit,Silverstone,UK,2006-06-11,https://en.wikipedia.org/wiki/2006_British_Grand_Prix
196,2006,9,Canadian Grand Prix,Circuit Gilles Villeneuve,Montreal,Canada,2006-06-25,https://en.wikipedia.org/wiki/2006_Canadian_Grand_Prix
197,2006,10,United States Grand Prix,Indianapolis Motor Speedway,Indianapolis,USA,2006-07-02,https://en.wikipedia.org/wiki/2006_United_States_Grand_Prix
198,2006,11,French Grand Prix,Circuit de Nevers Magny-Cours,Magny Cours,France,2006-07-16,https://en.wikipedia.org/wiki/2006_French_Grand_Prix
199,2006,12,German Grand Prix,Hockenheimring,Hockenheim,Germany,2006-07-30,https://en.wikipedia.org/wiki/2006_German_Grand_Prix
200,2006,13,Hungarian Grand Prix,Hungaroring,Budapest,Hungary,2006-08-06,https://en.wikipedia.org/wiki/2006_Hungarian_Grand_Prix
201,2006,14,Turkish Grand Prix,Istanbul Park,Istanbul,Turkey,2006-08-27,https://en.wikipedia.org/wiki/2006_Turkish_Grand_Prix
202,2006,15,Italian Grand Prix,Autodromo Nazionale di Monza,Monza,Italy,2006-09-10,https://en.wikipedia.org/wiki/2006_Italian_Grand_Prix
203,2006,16,Chinese Grand Prix,Shanghai International Circuit,Shanghai,China,2006-10-01,https://en.wikipedia.org/wiki/2006_Chinese_Grand_Prix
204,2006,17,Japanese Grand Prix,Suzuka Circuit,Suzuka,Japan,2006-10-08,https://en.wikipedia.org/wiki/2006_Japanese_Grand_Prix
205,2006,18,Brazilian Grand Prix,Autódromo José Carlos Pace,São Paulo,Brazil,2006-10-22,https://en.wikipedia.org/wiki/2006_Brazilian_Grand_Prix
206,2007,1,Australian Grand Prix,Albert Park Grand Prix Circuit,Melbourne,Australia,2007-03-18,https://en.wikipedia.org/wiki/2007_Australian_Grand_Prix
207,2007,2,Malaysian Grand Prix,Sepang International Circuit,Kuala Lumpur,Malaysia,2007-04-08,https://en.wikipedia.org/wiki/2007_Malaysian_Grand_Prix
208,2007,3,Bahrain Grand Prix,Bahrain International Circuit,Sakhir,Bahrain,2007-04-15,https://en.wikipedia.org/wiki/2007_Bahrain_Grand_Prix
209,2007,4,Spanish Grand Prix,Circuit de Barcelona-Catalunya,Barcelona,Spain,2007-05-13,https://en.wikipedia.org/wiki/2007_Spanish_Grand_Prix
210,2007,5,Monaco Grand Prix,Circuit de Monaco,Monte Carlo,Monaco,2007-05-27,https://en.wikipedia.org/wiki/2007_Monaco_Grand_Prix
211,2007,6,Canadian Grand Prix,Circuit Gilles Villeneuve,Montreal,Canada,2007-06-10,https://en.wikipedia.org/wiki/2007_Canadian_Grand_Prix
212,2007,7,United States Grand Prix,Indianapolis Motor Speedway,Indianapolis,USA,2007-06-17,https://en.wikipedia.org/wiki/2007_United_States_Grand_Prix
213,2007,8,French Grand Prix,Circuit de Nevers Magny-Cours,Magny Cours,France,2007-07-01,https://en.wikipedia.org/wiki/2007_French_Grand_Prix
214,2007,9,British Grand Prix,Silverstone Circuit,Silverstone,UK,2007-07-08,https://en.wikipedia.org/wiki/2007_British_Grand_Prix
215,2007,10,European Grand Prix,Nürburgring,Nürburg,Germany,2007-07-22,https://en.wikipedia.org/wiki/2007_European_Grand_Prix
216,2007,11,Hungarian Grand Prix,Hungaroring,Budapest,Hungary,2007-08-05,https://en.wikipedia.org/wiki/2007_Hungarian_Grand_Prix
217,2007,12,Turkish Grand Prix,Istanbul Park,Istanbul,Turkey,2007-08-26,https://en.wikipedia.org/wiki/2007_Turkish_Grand_Prix
218,2007,13,Italian Grand Prix,Autodromo Nazionale di Monza,Monza,Italy,2007-09-09,https://en.wikipedia.org/wiki/2007_Italian_Grand_Prix
219,2007,14,Belgian Grand Prix,Circuit de Spa-Francorchamps,Spa,Belgium,2007-09-16,https://en.wikipedia.org/wiki/2007_Belgian_Grand_Prix
220,2007,15,Japanese Grand Prix,Fuji Speedway,Oyama,Japan,2007-09-30,https://en.wikipedia.org/wiki/2007_Japanese_Grand_Prix
221,2007,16,Chinese Grand Prix,Shanghai International Circuit,Shanghai,China,2007-10-07,https://en.wikipedia.org/wiki/2007_Chinese_Grand_Prix
222,2007,17,Brazilian Grand Prix,Autódromo José Carlos Pace,São Paulo,Brazil,2007-10-21,https://en.wikipedia.org/wiki/2007_Brazilian_Grand_Prix
223,2008,1,Australian Grand Prix,Albert Park Grand Prix Circuit,Melbourne,Australia,2008-03-16,https://en.wikipedia.org/wiki/2008_Australian_Grand_Prix
224,2008,2,Malaysian Grand Prix,Sepang International Circuit,Kuala Lumpur,Malaysia,2008-03-23,https://en.wikipedia.org/wiki/2008_Malaysian_Grand_Prix
225,2008,3,Bahrain Grand Prix,Bahrain International Circuit,Sakhir,Bahrain,2008-04-06,https://en.wikipedia.org/wiki/2008_Bahrain_Grand_Prix
226,2008,4,Spanish Grand Prix,Circuit de Barcelona-Catalunya,Barcelona,Spain,2008-04-27,https://en.wikipedia.org/wiki/2008_Spanish_Grand_Prix
227,2008,5,Turkish Grand Prix,Istanbul Park,Istanbul,Turkey,2008-05-11,https://en.wikipedia.org/wiki/2008_Turkish_Grand_Prix
228,2008,6,Monaco Grand Prix,Circuit de Monaco,Monte Carlo,Monaco,2008-05-25,https://en.wikipedia.org/wiki/2008_Monaco_Grand_Prix
229,2008,7,Canadian Grand Prix,Circuit Gilles Villeneuve,Montreal,Canada,2008-06-08,https://en.wikipedia.org/wiki/2008_Canadian_Grand_Prix
230,2008,8,French Grand Prix,Circuit de Nevers Magny-Cours,Magny Cours,France,2008-06-22,https://en.wikipedia.org/wiki/2008_French_Grand_Prix
231,2008,9,British Grand Prix,Silverstone Circuit,Silverstone,UK,2008-07-06,https://en.wikipedia.org/wiki/2008_British_Grand_Prix
232,2008,10,German Grand Prix,Hockenheimring,Hockenheim,Germany,2008-07-20,https://en.wikipedia.org/wiki/2008_German_Grand_Prix
233,2008,11,Hungarian Grand Prix,Hungaroring,Budapest,Hungary,2008-08-03,https://en.wikipedia.org/wiki/2008_Hungarian_Grand_Prix
234,2008,12,European Grand Prix,Valencia Street Circuit,Valencia,Spain,2008-08-24,https://en.wikipedia.org/wiki/2008_European_Grand_Prix
235,2008,13,Belgian Grand Prix,Circuit de Spa-Francorchamps,Spa,Belgium,2008-09-07,https://en.wikipedia.org/wiki/2008_Belgian_Grand_Prix
236,2008,14,Italian Grand Prix,Autodromo Nazionale di Monza,Monza,Italy,2008-09-14,https://en.wikipedia.org/wiki/2008_Italian_Grand_Prix
237,2008,15,Singapore Grand Prix,Marina Bay Street Circuit,Marina Bay,Singapore,2008-09-28,https://en.wikipedia.org/wiki/2008_Singapore_Grand_Prix
238,2008,16,Japanese Grand Prix,Fuji Speedway,Oyama,Japan,2008-10-12,https://en.wikipedia.org/wiki/2008_Japanese_Grand_Prix
239,2008,17,Chinese Grand Prix,Shanghai International Circuit,Shanghai,China,2008-10-19,https://en.wikipedia.org/wiki/2008_Chinese_Grand_Prix
240,2008,18,Brazilian Grand Prix,Autódromo José Carlos Pace,São Paulo,Brazil,2008-11-02,https://en.wikipedia.org/wiki/2008_Brazilian_Grand_Prix
241,2009,1,Australian Grand Prix,Albert Park Grand Prix Circuit,Melbourne,Australia,2009-03-29,https://en.wikipedia.org/wiki/2009_Australian_Grand_Prix
242,2009,2,Malaysian Grand Prix,Sepang International Circuit,Kuala Lumpur,Malaysia,2009-04-05,https://en.wikipedia.org/wiki/2009_Malaysian_Grand_Prix
243,2009,3,Chinese Grand Prix,Shanghai International Circuit,Shanghai,China,2009-04-19,https://en.wikipedia.org/wiki/2009_Chinese_Grand_Prix
244,2009,4,Bahrain Grand Prix,Bahrain International Circuit,Sakhir,Bahrain,2009-04-26,https://en.wikipedia.org/wiki/2009_Bahrain_Grand_Prix
245,2009,5,Spanish Grand Prix,Circuit de Barcelona-Catalunya,Barcelona,Spain,2009-05-10,https://en.wikipedia.org/wiki/2009_Spanish_Grand_Prix
246,2009,6,Monaco Grand Prix,Circuit de Monaco,Monte Carlo,Monaco,2009-05-24,https://en.wikipedia.org/wiki/2009_Monaco_Grand_Prix
247,2009,7,Turkish Grand Prix,Istanbul Park,Istanbul,Turkey,2009-06-07,https://en.wikipedia.org/wiki/2009_Turkish_Grand_Prix
248,2009,8,British Grand Prix,Silverstone Circuit,Silverstone,UK,2009-06-21,https://en.wikipedia.org/wiki/2009_British_Grand_Prix
249,2009,9,German Grand Prix,Nürburgring,Nürburg,Germany,2009-07-12,https://en.wikipedia.org/wiki/2009_German_Grand_Prix
250,2009,10,Hungarian Grand Prix,Hungaroring,Budapest,Hungary,2009-07-26,https://en.wikipedia.org/wiki/2009_Hungarian_Grand_Prix
251,2009,11,European Grand Prix,Valencia Street Circuit,Valencia,Spain,2009-08-23,https://en.wikipedia.org/wiki/2009_European_Grand_Prix
252,2009,12,Belgian Grand Prix,Circuit de Spa-Francorchamps,Spa,Belgium,2009-08-30,https://en.wikipedia.org/wiki/2009_Belgian_Grand_Prix
253,2009,13,Italian Grand Prix,Autodromo Nazionale di Monza,Monza,Italy,2009-09-13,https://en.wikipedia.org/wiki/2009_Italian_Grand_Prix
254,2009,14,Singapore Grand Prix,Marina Bay Street Circuit,Marina Bay,Singapore,2009-09-27,https://en.wikipedia.org/wiki/2009_Singapore_Grand_Prix
255,2009,15,Japanese Grand Prix,Suzuka Circuit,Suzuka,Japan,2009-10-04,https://en.wikipedia.org/wiki/2009_Japanese_Grand_Prix
256,2009,16,Brazilian Grand Prix,Autódromo José Carlos Pace,São Paulo,Brazil,2009-10-18,https://en.wikipedia.org/wiki/2009_Brazilian_Grand_Prix
257,2009,17,Abu Dhabi Grand Prix,Yas Marina Circuit,Abu Dhabi,UAE,2009-11-01,https://en.wikipedia.org/wiki/2009_Abu_Dhabi_Grand_Prix
258,2010,1,Bahrain Grand Prix,Bahrain International Circuit,Sakhir,Bahrain,2010-03-14,https://en.wikipedia.org/wiki/2010_Bahrain_Grand_Prix
259,2010,2,Australian Grand Prix,Albert Park Grand Prix Circuit,Melbourne,Australia,2010-03-28,https://en.wikipedia.org/wiki/2010_Australian_Grand_Prix
260,2010,3,Malaysian Grand Prix,Sepang International Circuit,Kuala Lumpur,Malaysia,2010-04-04,https://en.wikipedia.org/wiki/2010_Malaysian_Grand_Prix
261,2010,4,Chinese Grand Prix,Shanghai International Circuit,Shanghai,China,2010-04-18,https://en.wikipedia.org/wiki/2010_Chinese_Grand_Prix
262,2010,5,Spanish Grand Prix,Circuit de Barcelona-Catalunya,Barcelona,Spain,2010-05-09,https://en.wikipedia.org/wiki/2010_Spanish_Grand_Prix
263,2010,6,Monaco Grand Prix,Circuit de Monaco,Monte Carlo,Monaco,2010-05-16,https://en.wikipedia.org/wiki/2010_Monaco_Grand_Prix
264,2010,7,Turkish Grand Prix,Istanbul Park,Istanbul,Turkey,2010-05-30,https://en.wikipedia.org/wiki/2010_Turkish_Grand_Prix
265,2010,8,Canadian Grand Prix,Circuit Gilles Villeneuve,Montreal,Canada,2010-06-13,https://en.wikipedia.org/wiki/2010_Canadian_Grand_Prix
266,2010,9,European Grand Prix,Valencia Street Circuit,Valencia,Spain,2010-06-27,https://en.wikipedia.org/wiki/2010_European_Grand_Prix
267,2010,10,British Grand Prix,Silverstone Circuit,Silverstone,UK,2010-07-11,https://en.wikipedia.org/wiki/2010_British_Grand_Prix
268,2010,11,German Grand Prix,Hockenheimring,Hockenheim,Germany,2010-07-25,https://en.wikipedia.org/wiki/2010_German_Grand_Prix
269,2010,12,Hungarian Grand Prix,Hungaroring,Budapest,Hungary,2010-08-01,https://en.wikipedia.org/wiki/2010_Hungarian_Grand_Prix
270,2010,13,Belgian Grand Prix,Circuit de Spa-Francorchamps,Spa,Belgium,2010-08-29,https://en.wikipedia.org/wiki/2010_Belgian_Grand_Prix
271,2010,14,Italian Grand Prix,Autodromo Nazionale di Monza,Monza,Italy,2010-09-12,https://en.wikipedia.org/wiki/2010_Italian_Grand_Prix
272,2010,15,Singapore Grand Prix,Marina Bay Street Circuit,Marina Bay,Singapore,2010-09-26,https://en.wikipedia.org/wiki/2010_Singapore_Grand_Prix
273,2010,16,Japanese Grand Prix,Suzuka Circuit,Suzuka,Japan,2010-10-10,https://en.wikipedia.org/wiki/2010_Japanese_Grand_Prix
274,2010,17,Korean Grand Prix,Korean International Circuit,Yeongam County,Korea,2010-10-24,https://en.wikipedia.org/wiki/2010_Korean_Grand_Prix
275,2010,18,Brazilian Grand Prix,Autódromo José Carlos Pace,São Paulo,Brazil,2010-11-07,https://en.wikipedia.org/wiki/2010_Brazilian_Grand_Prix
276,2010,19,Abu Dhabi Grand Prix,Yas Marina Circuit,Abu Dhabi,UAE,2010-11-14,https://en.wikipedia.org/wiki/2010_Abu_Dhabi_Grand_Prix
277,2011,1,Australian Grand Prix,Albert Park Grand Prix Circuit,Melbourne,Australia,2011-03-27,https://en.wikipedia.org/wiki/2011_Australian_Grand_Prix
278,2011,2,Malaysian Grand Prix,Sepang International Circuit,Kuala Lumpur,Malaysia,2011-04-10,https://en.wikipedia.org/wiki/2011_Malaysian_Grand_Prix
279,2011,3,Chinese Grand Prix,Shanghai International Circuit,Shanghai,China,2011-04-17,https://en.wikipedia.org/wiki/2011_Chinese_Grand_Prix
280,2011,4,Turkish Grand Prix,Istanbul Park,Istanbul,Turkey,2011-05-08,https://en.wikipedia.org/wiki/2011_Turkish_Grand_Prix
281,2011,5,Spanish Grand Prix,Circuit de Barcelona-Catalunya,Barcelona,Spain,2011-05-22,https://en.wikipedia.org/wiki/2011_Spanish_Grand_Prix
282,2011,6,Monaco Grand Prix,Circuit de Monaco,Monte Carlo,Monaco,2011-05-29,https://en.wikipedia.org/wiki/2011_Monaco_Grand_Prix
283,2011,7,Canadian Grand Prix,Circuit Gilles Villeneuve,Montreal,Canada,2011-06-12,https://en.wikipedia.org/wiki/2011_Canadian_Grand_Prix
284,2011,8,European Grand Prix,Valencia Street Circuit,Valencia,Spain,2011-06-26,https://en.wikipedia.org/wiki/2011_European_Grand_Prix
285,2011,9,British Grand Prix,Silverstone Circuit,Silverstone,UK,2011-07-10,https://en.wikipedia.org/wiki/2011_British_Grand_Prix
286,2011,10,German Grand Prix,Nürburgring,Nürburg,Germany,2011-07-24,https://en.wikipedia.org/wiki/2011_German_Grand_Prix
287,2011,11,Hungarian Grand Prix,Hungaroring,Budapest,Hungary,2011-07-31,https://en.wikipedia.org/wiki/2011_Hungarian_Grand_Prix
288,2011,12,Belgian Grand Prix,Circuit de Spa-Francorchamps,Spa,Belgium,2011-08-28,https://en.wikipedia.org/wiki/2011_Belgian_Grand_Prix
289,2011,13,Italian Grand Prix,Autodromo Nazionale di Monza,Monza,Italy,2011-09-11,https://en.wikipedia.org/wiki/2011_Italian_Grand_Prix
290,2011,14,Singapore Grand Prix,Marina Bay Street Circuit,Marina Bay,Singapore,2011-09-25,https://en.wikipedia.org/wiki/2011_Singapore_Grand_Prix
291,2011,15,Japanese Grand Prix,Suzuka Circuit,Suzuka,Japan,2011-10-09,https://en.wikipedia.org/wiki/2011_Japanese_Grand_Prix
292,2011,16,Korean Grand Prix,Korean International Circuit,Yeongam County,Korea,2011-10-16,https://en.wikipedia.org/wiki/2011_Korean_Grand_Prix
293,2011,17,Indian Grand Prix,Buddh International Circuit,Uttar Pradesh,India,2011-10-30,https://en.wikipedia.org/wiki/2011_Indian_Grand_Prix
294,2011,18,Abu Dhabi Grand Prix,Yas Marina Circuit,Abu Dhabi,UAE,2011-11-13,https://en.wikipedia.org/wiki/2011_Abu_Dhabi_Grand_Prix
295,2011,19,Brazilian Grand Prix,Autódromo José Carlos Pace,São Paulo,Brazil,2011-11-27,https://en.wikipedia.org/wiki/2011_Brazilian_Grand_Prix
296,2012,1,Australian Grand Prix,Albert Park Grand Prix Circuit,Melbourne,Australia,2012-03-18,https://en.wikipedia.org/wiki/2012_Australian_Grand_Prix
297,2012,2,Malaysian Grand Prix,Sepang International Circuit,Kuala Lumpur,Malaysia,2012-03-25,https://en.wikipedia.org/wiki/2012_Malaysian_Grand_Prix
298,2012,3,Chinese Grand Prix,Shanghai International Circuit,Shanghai,China,2012-04-15,https://en.wikipedia.org/wiki/2012_Chinese_Grand_Prix
299,2012,4,Bahrain Grand Prix,Bahrain International Circuit,Sakhir,Bahrain,2012-04-22,https://en.wikipedia.org/wiki/2012_Bahrain_Grand_Prix
300,2012,5,Spanish Grand Prix,Circuit de Barcelona-Catalunya,Barcelona,Spain,2012-05-13,https://en.wikipedia.org/wiki/2012_Spanish_Grand_Prix
301,2012,6,Monaco Grand Prix,Circuit de Monaco,Monte Carlo,Monaco,2012-05-27,https://en.wikipedia.org/wiki/2012_Monaco_Grand_Prix
302,2012,7,Canadian Grand Prix,Circuit Gilles Villeneuve,Montreal,Canada,2012-06-10,https://en.wikipedia.org/wiki/2012_Canadian_Grand_Prix
303,2012,8,European Grand Prix,Valencia Street Circuit,Valencia,Spain,2012-06-24,https://en.wikipedia.org/wiki/2012_European_Grand_Prix
304,2012,9,British Grand Prix,Silverstone Circuit,Silverstone,UK,2012-07-08,https://en.wikipedia.org/wiki/2012_British_Grand_Prix
305,2012,10,German Grand Prix,Hockenheimring,Hockenheim,Germany,2012-07-22,https://en.wikipedia.org/wiki/2012_German_Grand_Prix
306,2012,11,Hungarian Grand Prix,Hungaroring,Budapest,Hungary,2012-07-29,https://en.wikipedia.org/wiki/2012_Hungarian_Grand_Prix
307,2012,12,Belgian Grand Prix,Circuit de Spa-Francorchamps,Spa,Belgium,2012-09-02,https://en.wikipedia.org/wiki/2012_Belgian_Grand_Prix
308,2012,13,Italian Grand Prix,Autodromo Nazionale di Monza,Monza,Italy,2012-09-09,https://en.wikipedia.org/wiki/2012_Italian_Grand_Prix
309,2012,14,Singapore Grand Prix,Marina Bay Street Circuit,Marina Bay,Singapore,2012-09-23,https://en.wikipedia.org/wiki/2012_Singapore_Grand_Prix
310,2012,15,Japanese Grand Prix,Suzuka Circuit,Suzuka,Japan,2012-10-07,https://en.wikipedia.org/wiki/2012_Japanese_Grand_Prix
311,2012,16,Korean Grand Prix,Korean International Circuit,Yeongam County,Korea,2012-10-14,https://en.wikipedia.org/wiki/2012_Korean_Grand_Prix
312,2012,17,Indian Grand Prix,Buddh International Circuit,Uttar Pradesh,India,2012-10-28,https://en.wikipedia.org/wiki/2012_Indian_Grand_Prix
313,2012,18,Abu Dhabi Grand Prix,Yas Marina Circuit,Abu Dhabi,UAE,2012-11-04,https://en.wikipedia.org/wiki/2012_Abu_Dhabi_Grand_Prix
314,2012,19,United States Grand Prix,Circuit of the Americas,Austin,USA,2012-11-18,https://en.wikipedia.org/wiki/2012_United_States_Grand_Prix
315,2012,20,Brazilian Grand Prix,Autódromo José Carlos Pace,São Paulo,Brazil,2012-11-25,https://en.wikipedia.org/wiki/2012_Brazilian_Grand_Prix
316,2013,1,Australian Grand Prix,Albert Park Grand Prix Circuit,Melbourne,Australia,2013-03-17,https://en.wikipedia.org/wiki/2013_Australian_Grand_Prix
317,2013,2,Malaysian Grand Prix,Sepang International Circuit,Kuala Lumpur,Malaysia,2013-03-24,https://en.wikipedia.org/wiki/2013_Malaysian_Grand_Prix
318,2013,3,Chinese Grand Prix,Shanghai International Circuit,Shanghai,China,2013-04-14,https://en.wikipedia.org/wiki/2013_Chinese_Grand_Prix
319,2013,4,Bahrain Grand Prix,Bahrain International Circuit,Sakhir,Bahrain,2013-04-21,https://en.wikipedia.org/wiki/2013_Bahrain_Grand_Prix
320,2013,5,Spanish Grand Prix,Circuit de Barcelona-Catalunya,Barcelona,Spain,2013-05-12,https://en.wikipedia.org/wiki/2013_Spanish_Grand_Prix
321,2013,6,Monaco Grand Prix,Circuit de Monaco,Monte Carlo,Monaco,2013-05-26,https://en.wikipedia.org/wiki/2013_Monaco_Grand_Prix
322,2013,7,Canadian Grand Prix,Circuit Gilles Villeneuve,Montreal,Canada,2013-06-09,https://en.wikipedia.org/wiki/2013_Canadian_Grand_Prix
323,2013,8,British Grand Prix,Silverstone Circuit,Silverstone,UK,2013-06-30,https://en.wikipedia.org/wiki/2013_British_Grand_Prix
324,2013,9,German Grand Prix,Nürburgring,Nürburg,Germany,2013-07-07,https://en.wikipedia.org/wiki/2013_German_Grand_Prix
325,2013,10,Hungarian Grand Prix,Hungaroring,Budapest,Hungary,2013-07-28,https://en.wikipedia.org/wiki/2013_Hungarian_Grand_Prix
326,2013,11,Belgian Grand Prix,Circuit de Spa-Francorchamps,Spa,Belgium,2013-08-25,https://en.wikipedia.org/wiki/2013_Belgian_Grand_Prix
327,2013,12,Italian Grand Prix,Autodromo Nazionale di Monza,Monza,Italy,2013-09-08,https://en.wikipedia.org/wiki/2013_Italian_Grand_Prix
328,2013,13,Singapore Grand Prix,Marina Bay Street Circuit,Marina Bay,Singapore,2013-09-22,https://en.wikipedia.org/wiki/2013_Singapore_Grand_Prix
329,2013,14,Korean Grand Prix,Korean International Circuit,Yeongam County,Korea,2013-10-06,https://en.wikipedia.org/wiki/2013_Korean_Grand_Prix
330,2013,15,Japanese Grand Prix,Suzuka Circuit,Suzuka,Japan,2013-10-13,https://en.wikipedia.org/wiki/2013_Japanese_Grand_Prix
331,2013,16,Indian Grand Prix,Buddh International Circuit,Uttar Pradesh,India,2013-10-27,https://en.wikipedia.org/wiki/2013_Indian_Grand_Prix
332,2013,17,Abu Dhabi Grand Prix,Yas Marina Circuit,Abu Dhabi,UAE,2013-11-03,https://en.wikipedia.org/wiki/2013_Abu_Dhabi_Grand_Prix
333,2013,18,United States Grand Prix,Circuit of the Americas,Austin,USA,2013-11-17,https://en.wikipedia.org/wiki/2013_United_States_Grand_Prix
334,2013,19,Brazilian Grand Prix,Autódromo José Carlos Pace,São Paulo,Brazil,2013-11-24,https://en.wikipedia.org/wiki/2013_Brazilian_Grand_Prix
335,2014,1,Australian Grand Prix,Albert Park Grand Prix Circuit,Melbourne,Australia,2014-03-16,https://en.wikipedia.org/wiki/2014_Australian_Grand_Prix
336,2014,2,Malaysian Grand Prix,Sepang International Circuit,Kuala Lumpur,Malaysia,2014-03-30,https://en.wikipedia.org/wiki/2014_Malaysian_Grand_Prix
337,2014,3,Bahrain Grand Prix,Bahrain International Circuit,Sakhir,Bahrain,2014-04-06,https://en.wikipedia.org/wiki/2014_Bahrain_Grand_Prix
338,2014,4,Chinese Grand Prix,Shanghai International Circuit,Shanghai,China,2014-04-20,https://en.wikipedia.org/wiki/2014_Chinese_Grand_Prix
339,2014,5,Spanish Grand Prix,Circuit de Barcelona-Catalunya,Barcelona,Spain,2014-05-11,https://en.wikipedia.org/wiki/2014_Spanish_Grand_Prix
340,2014,6,Monaco Grand Prix,Circuit de Monaco,Monte Carlo,Monaco,2014-05-25,https://en.wikipedia.org/wiki/2014_Monaco_Grand_Prix
341,2014,7,Canadian Grand Prix,Circuit Gilles Villeneuve,Montreal,Canada,2014-06-08,https://en.wikipedia.org/wiki/2014_Canadian_Grand_Prix
342,2014,8,Austrian Grand Prix,Red Bull Ring,Spielberg,Austria,2014-06-22,https://en.wikipedia.org/wiki/2014_Austrian_Grand_Prix
343,2014,9,British Grand Prix,Silverstone Circuit,Silverstone,UK,2014-07-06,https://en.wikipedia.org/wiki/2014_British_Grand_Prix
344,2014,10,German Grand Prix,Hockenheimring,Hockenheim,Germany,2014-07-20,https://en.wikipedia.org/wiki/2014_German_Grand_Prix
345,2014,11,Hungarian Grand Prix,Hungaroring,Budapest,Hungary,2014-07-27,https://en.wikipedia.org/wiki/2014_Hungarian_Grand_Prix
346,2014,12,Belgian Grand Prix,Circuit de Spa-Francorchamps,Spa,Belgium,2014-08-24,https://en.wikipedia.org/wiki/2014_Belgian_Grand_Prix
347,2014,13,Italian Grand Prix,Autodromo Nazionale di Monza,Monza,Italy,2014-09-07,https://en.wikipedia.org/wiki/2014_Italian_Grand_Prix
348,2014,14,Singapore Grand Prix,Marina Bay Street Circuit,Marina Bay,Singapore,2014-09-21,https://en.wikipedia.org/wiki/2014_Singapore_Grand_Prix
349,2014,15,Japanese Grand Prix,Suzuka Circuit,Suzuka,Japan,2014-10-05,https://en.wikipedia.org/wiki/2014_Japanese_Grand_Prix
350,2014,16,Russian Grand Prix,Sochi Autodrom,Sochi,Russia,2014-10-12,https://en.wikipedia.org/wiki/2014_Russian_Grand_Prix
351,2014,17,United States Grand Prix,Circuit of the Americas,Austin,USA,2014-11-02,https://en.wikipedia.org/wiki/2014_United_States_Grand_Prix
352,2014,18,Brazilian Grand Prix,Autódromo José Carlos Pace,São Paulo,Brazil,2014-11-09,https://en.wikipedia.org/wiki/2014_Brazilian_Grand_Prix
353,2014,19,Abu Dhabi Grand Prix,Yas Marina Circuit,Abu Dhabi,UAE,2014-11-23,https://en.wikipedia.org/wiki/2014_Abu_Dhabi_Grand_Prix
354,2015,1,Australian Grand Prix,Albert Park Grand Prix Circuit,Melbourne,Australia,2015-03-15,https://en.wikipedia.org/wiki/2015_Australian_Grand_Prix
355,2015,2,Malaysian Grand Prix,Sepang International Circuit,Kuala Lumpur,Malaysia,2015-03-29,https://en.wikipedia.org/wiki/2015_Malaysian_Grand_Prix
356,2015,3,Chinese Grand Prix,Shanghai International Circuit,Shanghai,China,2015-04-12,https://en.wikipedia.org/wiki/2015_Chinese_Grand_Prix
357,2015,4,Bahrain Grand Prix,Bahrain International Circuit,Sakhir,Bahrain,2015-04-19,https://en.wikipedia.org/wiki/2015_Bahrain_Grand_Prix
358,2015,5,Spanish Grand Prix,Circuit de Barcelona-Catalunya,Barcelona,Spain,2015-05-10,https://en.wikipedia.org/wiki/2015_Spanish_Grand_Prix
359,2015,6,Monaco Grand Prix,Circuit de Monaco,Monte Carlo,Monaco,2015-05-24,https://en.wikipedia.org/wiki/2015_Monaco_Grand_Prix
360,2015,7,Canadian Grand Prix,Circuit Gilles Villeneuve,Montreal,Canada,2015-06-07,https://en.wikipedia.org/wiki/2015_Canadian_Grand_Prix
361,2015,8,Austrian Grand Prix,Red Bull Ring,Spielberg,Austria,2015-06-21,https://en.wikipedia.org/wiki/2015_Austrian_Grand_Prix
362,2015,9,British Grand Prix,Silverstone Circuit,Silverstone,UK,2015-07-05,https://en.wikipedia.org/wiki/2015_British_Grand_Prix
363,2015,10,Hungarian Grand Prix,Hungaroring,Budapest,Hungary,2015-07-26,https://en.wikipedia.org/wiki/2015_Hungarian_Grand_Prix
364,2015,11,Belgian Grand Prix,Circuit de Spa-Francorchamps,Spa,Belgium,2015-08-23,https://en.wikipedia.org/wiki/2015_Belgian_Grand_Prix
365,2015,12,Italian Grand Prix,Autodromo Nazionale di Monza,Monza,Italy,2015-09-06,https://en.wikipedia.org/wiki/2015_Italian_Grand_Prix
366,2015,13,Singapore Grand Prix,Marina Bay Street Circuit,Marina Bay,Singapore,2015-09-20,https://en.wikipedia.org/wiki/2015_Singapore_Grand_Prix
367,2015,14,Japanese Grand Prix,Suzuka Circuit,Suzuka,Japan,2015-09-27,https://en.wikipedia.org/wiki/2015_Japanese_Grand_Prix
368,2015,15,Russian Grand Prix,Sochi Autodrom,Sochi,Russia,2015-10-11,https://en.wikipedia.org/wiki/2015_Russian_Grand_Prix
369,2015,16,United States Grand Prix,Circuit of the Americas,Austin,USA,2015-10-25,https://en.wikipedia.org/wiki/2015_United_States_Grand_Prix
370,2015,17,Mexican Grand Prix,Autódromo Hermanos Rodríguez,Mexico City,Mexico,2015-11-01,https://en.wikipedia.org/wiki/2015_Mexican_Grand_Prix
371,2015,18,Brazilian Grand Prix,Autódromo José Carlos Pace,São Paulo,Brazil,2015-11-15,https://en.wikipedia.org/wiki/2015_Brazilian_Grand_Prix
372,2015,19,Abu Dhabi Grand Prix,Yas Marina Circuit,Abu Dhabi,UAE,2015-11-29,https://en.wikipedia.org/wiki/2015_Abu_Dhabi_Grand_Prix
373,2016,1,Australian Grand Prix,Albert Park Grand Prix Circuit,Melbourne,Australia,2016-03-20,https://en.wikipedia.org/wiki/2016_Australian_Grand_Prix
374,2016,2,Bahrain Grand Prix,Bahrain International Circuit,Sakhir,Bahrain,2016-04-03,https://en.wikipedia.org/wiki/2016_Bahrain_Grand_Prix
375,2016,3,Chinese Grand Prix,Shanghai International Circuit,Shanghai,China,2016-04-17,https://en.wikipedia.org/wiki/2016_Chinese_Grand_Prix
376,2016,4,Russian Grand Prix,Sochi Autodrom,Sochi,Russia,2016-05-01,https://en.wikipedia.org/wiki/2016_Russian_Grand_Prix
377,2016,5,Spanish Grand Prix,Circuit de Barcelona-Catalunya,Barcelona,Spain,2016-05-15,https://en.wikipedia.org/wiki/2016_Spanish_Grand_Prix
378,2016,6,Monaco Grand Prix,Circuit de Monaco,Monte Carlo,Monaco,2016-05-29,https://en.wikipedia.org/wiki/2016_Monaco_Grand_Prix
379,2016,7,Canadian Grand Prix,Circuit Gilles Villeneuve,Montreal,Canada,2016-06-12,https://en.wikipedia.org/wiki/2016_Canadian_Grand_Prix
380,2016,8,European Grand Prix,Baku City Circuit,Baku,Azerbaijan,2016-06-19,https://en.wikipedia.org/wiki/2016_European_Grand_Prix
381,2016,9,Austrian Grand Prix,Red Bull Ring,Spielberg,Austria,2016-07-03,https://en.wikipedia.org/wiki/2016_Austrian_Grand_Prix
382,2016,10,British Grand Prix,Silverstone Circuit,Silverstone,UK,2016-07-10,https://en.wikipedia.org/wiki/2016_British_Grand_Prix
383,2016,11,Hungarian Grand Prix,Hungaroring,Budapest,Hungary,2016-07-24,https://en.wikipedia.org/wiki/2016_Hungarian_Grand_Prix
384,2016,12,German Grand Prix,Hockenheimring,Hockenheim,Germany,2016-07-31,https://en.wikipedia.org/wiki/2016_German_Grand_Prix
385,2016,13,Belgian Grand Prix,Circuit de Spa-Francorchamps,Spa,Belgium,2016-08-28,https://en.wikipedia.org/wiki/2016_Belgian_Grand_Prix
386,2016,14,Italian Grand Prix,Autodromo Nazionale di Monza,Monza,Italy,2016-09-04,https://en.wikipedia.org/wiki/2016_Italian_Grand_Prix
387,2016,15,Singapore Grand Prix,Marina Bay Street Circuit,Marina Bay,Singapore,2016-09-18,https://en.wikipedia.org/wiki/2016_Singapore_Grand_Prix
388,2016,16,Malaysian Grand Prix,Sepang International Circuit,Kuala Lumpur,Malaysia,2016-10-02,https://en.wikipedia.org/wiki/2016_Malaysian_Grand_Prix
389,2016,17,Japanese Grand Prix,Suzuka Circuit,Suzuka,Japan,2016-10-09,https://en.wikipedia.org/wiki/2016_Japanese_Grand_Prix
390,2016,18,United States Grand Prix,Circuit of the Americas,Austin,USA,2016-10-23,https://en.wikipedia.org/wiki/2016_United_States_Grand_Prix
391,2016,19,Mexican Grand Prix,Autódromo Hermanos Rodríguez,Mexico City,Mexico,2016-10-30,https://en.wikipedia.org/wiki/2016_Mexican_Grand_Prix
392,2016,20,Brazilian Grand Prix,Autódromo José Carlos Pace,São Paulo,Brazil,2016-11-13,https://en.wikipedia.org/wiki/2016_Brazilian_Grand_Prix
393,2016,21,Abu Dhabi Grand Prix,Yas Marina Circuit,Abu Dhabi,UAE,2016-11-27,https://en.wikipedia.org/wiki/2016_Abu_Dhabi_Grand_Prix
394,2017,1,Australian Grand Prix,Albert Park Grand Prix Circuit,Melbourne,Australia,2017-03-26,https://en.wikipedia.org/wiki/2017_Australian_Grand_Prix
395,2017,2,Chinese Grand Prix,Shanghai International Circuit,Shanghai,China,2017-04-09,https://en.wikipedia.org/wiki/2017_Chinese_Grand_Prix
396,2017,3,Bahrain Grand Prix,Bahrain International Circuit,Sakhir,Bahrain,2017-04-16,https://en.wikipedia.org/wiki/2017_Bahrain_Grand_Prix
397,2017,4,Russian Grand Prix,Sochi Autodrom,Sochi,Russia,2017-04-30,https://en.wikipedia.org/wiki/2017_Russian_Grand_Prix
398,2017,5,Spanish Grand Prix,Circuit de Barcelona-Catalunya,Barcelona,Spain,2017-05-14,https://en.wikipedia.org/wiki/2017_Spanish_Grand_Prix
399,2017,6,Monaco Grand Prix,Circuit de Monaco,Monte Carlo,Monaco,2017-05-28,https://en.wikipedia.org/wiki/2017_Monaco_Grand_Prix
400,2017,7,Canadian Grand Prix,Circuit Gilles Villeneuve,Montreal,Canada,2017-06-11,https://en.wikipedia.org/wiki/2017_Canadian_Grand_Prix
401,2017,8,Azerbaijan Grand Prix,Baku City Circuit,Baku,Azerbaijan,2017-06-25,https://en.wikipedia.org/wiki/2017_Azerbaijan_Grand_Prix
402,2017,9,Austrian Grand Prix,Red Bull Ring,Spielberg,Austria,2017-07-09,https://en.wikipedia.org/wiki/2017_Austrian_Grand_Prix
403,2017,10,British Grand Prix,Silverstone Circuit,Silverstone,UK,2017-07-16,https://en.wikipedia.org/wiki/2017_British_Grand_Prix
404,2017,11,Hungarian Grand Prix,Hungaroring,Budapest,Hungary,2017-07-30,https://en.wikipedia.org/wiki/2017_Hungarian_Grand_Prix
405,2017,12,Belgian Grand Prix,Circuit de Spa-Francorchamps,Spa,Belgium,2017-08-27,https://en.wikipedia.org/wiki/2017_Belgian_Grand_Prix
406,2017,13,Italian Grand Prix,Autodromo Nazionale di Monza,Monza,Italy,2017-09-03,https://en.wikipedia.org/wiki/2017_Italian_Grand_Prix
407,2017,14,Singapore Grand Prix,Marina Bay Street Circuit,Marina Bay,Singapore,2017-09-17,https://en.wikipedia.org/wiki/2017_Singapore_Grand_Prix
408,2017,15,Malaysian Grand Prix,Sepang International Circuit,Kuala Lumpur,Malaysia,2017-10-01,https://en.wikipedia.org/wiki/2017_Malaysian_Grand_Prix
409,2017,16,Japanese Grand Prix,Suzuka Circuit,Suzuka,Japan,2017-10-08,https://en.wikipedia.org/wiki/2017_Japanese_Grand_Prix
410,2017,17,United States Grand Prix,Circuit of the Americas,Austin,USA,2017-10-22,https://en.wikipedia.org/wiki/2017_United_States_Grand_Prix
411,2017,18,Mexican Grand Prix,Autódromo Hermanos Rodríguez,Mexico City,Mexico,2017-10-29,https://en.wikipedia.org/wiki/2017_Mexican_Grand_Prix
412,2017,19,Brazilian Grand Prix,Autódromo José Carlos Pace,São Paulo,Brazil,2017-11-12,https://en.wikipedia.org/wiki/2017_Brazilian_Grand_Prix
413,2017,20,Abu Dhabi Grand Prix,Yas Marina Circuit,Abu Dhabi,UAE,2017-11-26,https://en.wikipedia.org/wiki/2017_Abu_Dhabi_Grand_Prix
414,2018,1,Australian Grand Prix,Albert Park Grand Prix Circuit,Melbourne,Australia,2018-03-25,https://en.wikipedia.org/wiki/2018_Australian_Grand_Prix
415,2018,2,Bahrain Grand Prix,Bahrain International Circuit,Sakhir,Bahrain,2018-04-08,https://en.wikipedia.org/wiki/2018_Bahrain_Grand_Prix
416,2018,3,Chinese Grand Prix,Shanghai International Circuit,Shanghai,China,2018-04-15,https://en.wikipedia.org/wiki/2018_Chinese_Grand_Prix
417,2018,4,Azerbaijan Grand Prix,Baku City Circuit,Baku,Azerbaijan,2018-04-29,https://en.wikipedia.org/wiki/2018_Azerbaijan_Grand_Prix
418,2018,5,Spanish Grand Prix,Circuit de Barcelona-Catalunya,Barcelona,Spain,2018-05-13,https://en.wikipedia.org/wiki/2018_Spanish_Grand_Prix
419,2018,6,Monaco Grand Prix,Circuit de Monaco,Monte Carlo,Monaco,2018-05-27,https://en.wikipedia.org/wiki/2018_Monaco_Grand_Prix
420,2018,7,Canadian Grand Prix,Circuit Gilles Villeneuve,Montreal,Canada,2018-06-10,https://en.wikipedia.org/wiki/2018_Canadian_Grand_Prix
421,2018,8,French Grand Prix,Circuit Paul Ricard,Le Castellet,France,2018-06-24,https://en.wikipedia.org/wiki/2018_French_Grand_Prix
422,2018,9,Austrian Grand Prix,Red Bull Ring,Spielberg,Austria,2018-07-01,https://en.wikipedia.org/wiki/2018_Austrian_Grand_Prix
423,2018,10,British Grand Prix,Silverstone Circuit,Silverstone,UK,2018-07-08,https://en.wikipedia.org/wiki/2018_British_Grand_Prix
424,2018,11,German Grand Prix,Hockenheimring,Hockenheim,Germany,2018-07-22,https://en.wikipedia.org/wiki/2018_German_Grand_Prix
425,2018,12,Hungarian Grand Prix,Hungaroring,Budapest,Hungary,2018-07-29,https://en.wikipedia.org/wiki/2018_Hungarian_Grand_Prix
426,2018,13,Belgian Grand Prix,Circuit de Spa-Francorchamps,Spa,Belgium,2018-08-26,https://en.wikipedia.org/wiki/2018_Belgian_Grand_Prix
427,2018,14,Italian Grand Prix,Autodromo Nazionale di Monza,Monza,Italy,2018-09-02,https://en.wikipedia.org/wiki/2018_Italian_Grand_Prix
428,2018,15,Singapore Grand Prix,Marina Bay Street Circuit,Marina Bay,Singapore,2018-09-16,https://en.wikipedia.org/wiki/2018_Singapore_Grand_Prix
429,2018,16,Russian Grand Prix,Sochi Autodrom,Sochi,Russia,2018-09-30,https://en.wikipedia.org/wiki/2018_Russian_Grand_Prix
430,2018,17,Japanese Grand Prix,Suzuka Circuit,Suzuka,Japan,2018-10-07,https://en.wikipedia.org/wiki/2018_Japanese_Grand_Prix
431,2018,18,United States Grand Prix,Circuit of the Americas,Austin,USA,2018-10-21,https://en.wikipedia.org/wiki/2018_United_States_Grand_Prix
432,2018,19,Mexican Grand Prix,Autódromo Hermanos Rodríguez,Mexico City,Mexico,2018-10-28,https://en.wikipedia.org/wiki/2018_Mexican_Grand_Prix
433,2018,20,Brazilian Grand Prix,Autódromo José Carlos Pace,São Paulo,Brazil,2018-11-11,https://en.wikipedia.org/wiki/2018_Brazilian_Grand_Prix
434,2018,21,Abu Dhabi Grand Prix,Yas Marina Circuit,Abu Dhabi,UAE,2018-11-25,https://en.wikipedia.org/wiki/2018_Abu_Dhabi_Grand_Prix
435,2019,1,Australian Grand Prix,Albert Park Grand Prix Circuit,Melbourne,Australia,2019-03-17,https://en.wikipedia.org/wiki/2019_Australian_Grand_Prix
436,2019,2,Bahrain Grand Prix,Bahrain International Circuit,Sakhir,Bahrain,2019-03-31,https://en.wikipedia.org/wiki/2019_Bahrain_Grand_Prix
437,2019,3,Chinese Grand Prix,Shanghai International Circuit,Shanghai,China,2019-04-14,https://en.wikipedia.org/wiki/2019_Chinese_Grand_Prix
438,2019,4,Azerbaijan Grand Prix,Baku City Circuit,Baku,Azerbaijan,2019-04-28,https://en.wikipedia.org/wiki/2019_Azerbaijan_Grand_Prix
439,2019,5,Spanish Grand Prix,Circuit de Barcelona-Catalunya,Barcelona,Spain,2019-05-12,https://en.wikipedia.org/wiki/2019_Spanish_Grand_Prix
440,2019,6,Monaco Grand Prix,Circuit de Monaco,Monte Carlo,Monaco,2019-05-26,https://en.wikipedia.org/wiki/2019_Monaco_Grand_Prix
441,2019,7,Canadian Grand Prix,Circuit Gilles Villeneuve,Montreal,Canada,2019-06-09,https://en.wikipedia.org/wiki/2019_Canadian_Grand_Prix
442,2019,8,French Grand Prix,Circuit Paul Ricard,Le Castellet,France,2019-06-23,https://en.wikipedia.org/wiki/2019_French_Grand_Prix
443,2019,9,Austrian Grand Prix,Red Bull Ring,Spielberg,Austria,2019-06-30,https://en.wikipedia.org/wiki/2019_Austrian_Grand_Prix
444,2019,10,British Grand Prix,Silverstone Circuit,Silverstone,UK,2019-07-14,https://en.wikipedia.org/wiki/2019_British_Grand_Prix
445,2019,11,German Grand Prix,Hockenheimring,Hockenheim,Germany,2019-07-28,https://en.wikipedia.org/wiki/2019_German_Grand_Prix
446,2019,12,Hungarian Grand Prix,Hungaroring,Budapest,Hungary,2019-08-04,https://en.wikipedia.org/wiki/2019_Hungarian_Grand_Prix
447,2019,13,Belgian Grand Prix,Circuit de Spa-Francorchamps,Spa,Belgium,2019-09-01,https://en.wikipedia.org/wiki/2019_Belgian_Grand_Prix
448,2019,14,Italian Grand Prix,Autodromo Nazionale di Monza,Monza,Italy,2019-09-08,https://en.wikipedia.org/wiki/2019_Italian_Grand_Prix
449,2019,15,Singapore Grand Prix,Marina Bay Street Circuit,Marina Bay,Singapore,2019-09-22,https://en.wikipedia.org/wiki/2019_Singapore_Grand_Prix
450,2019,16,Russian Grand Prix,Sochi Autodrom,Sochi,Russia,2019-09-29,https://en.wikipedia.org/wiki/2019_Russian_Grand_Prix
451,2019,17,Japanese Grand Prix,Suzuka Circuit,Suzuka,Japan,2019-10-13,https://en.wikipedia.org/wiki/2019_Japanese_Grand_Prix
452,2019,18,Mexican Grand Prix,Autódromo Hermanos Rodríguez,Mexico City,Mexico,2019-10-27,https://en.wikipedia.org/wiki/2019_Mexican_Grand_Prix
453,2019,19,United States Grand Prix,Circuit of the Americas,Austin,USA,2019-11-03,https://en.wikipedia.org/wiki/2019_United_States_Grand_Prix
454,2019,20,Brazilian Grand Prix,Autódromo José Carlos Pace,São Paulo,Brazil,2019-11-17,https://en.wikipedia.org/wiki/2019_Brazilian_Grand_Prix
455,2019,21,Abu Dhabi Grand Prix,Yas Marina Circuit,Abu Dhabi,UAE,2019-12-01,https://en.wikipedia.org/wiki/2019_Abu_Dhabi_Grand_Prix
1,2020,1,Austrian Grand Prix,Red Bull Ring,Spielberg,Austria,2020-07-05,https://en.wikipedia.org/wiki/2020_Austrian_Grand_Prix
2,2020,2,Styrian Grand Prix,Red Bull Ring,Spielberg,Austria,2020-07-12,https://en.wikipedia.org/wiki/2020_Styrian_Grand_Prix
3,2020,3,Hungarian Grand Prix,Hungaroring,Budapest,Hungary,2020-07-19,https://en.wikipedia.org/wiki/2020_Hungarian_Grand_Prix
4,2020,4,British Grand Prix,Silverstone Circuit,Silverstone,UK,2020-08-02,https://en.wikipedia.org/wiki/2020_British_Grand_Prix
5,2020,5,70th Anniversary Grand Prix,Silverstone Circuit,Silverstone,UK,2020-08-09,https://en.wikipedia.org/wiki/70th_Anniversary_Grand_Prix
6,2020,6,Spanish Grand Prix,Circuit de Barcelona-Catalunya,Barcelona,Spain,2020-08-16,https://en.wikipedia.org/wiki/2020_Spanish_Grand_Prix
7,2020,7,Belgian Grand Prix,Circuit de Spa-Francorchamps,Spa,Belgium,2020-08-30,https://en.wikipedia.org/wiki/2020_Belgian_Grand_Prix
8,2020,8,Italian Grand Prix,Autodromo Nazionale di Monza,Monza,Italy,2020-09-06,https://en.wikipedia.org/wiki/2020_Italian_Grand_Prix
9,2020,9,Tuscan Grand Prix,Autodromo Internazionale del Mugello,Mugello,Italy,2020-09-13,https://en.wikipedia.org/wiki/2020_Tuscan_Grand_Prix
10,2020,10,Russian Grand Prix,Sochi Autodrom,Sochi,Russia,2020-09-27,https://en.wikipedia.org/wiki/2020_Russian_Grand_Prix
11,2020,11,Eifel Grand Prix,Nürburgring,Nürburg,Germany,2020-10-11,https://en.wikipedia.org/wiki/2020_Eifel_Grand_Prix
12,2020,12,Portuguese Grand Prix,Autódromo Internacional do Algarve,Portimão,Portugal,2020-10-25,https://en.wikipedia.org/wiki/2020_Portuguese_Grand_Prix
13,2020,13,Emilia Romagna Grand Prix,Autodromo Enzo e Dino Ferrari,Imola,Italy,2020-11-01,https://en.wikipedia.org/wiki/2020_Emilia_Romagna_Grand_Prix
14,2020,14,Turkish Grand Prix,Istanbul Park,Istanbul,Turkey,2020-11-15,https://en.wikipedia.org/wiki/2020_Turkish_Grand_Prix
15,2020,15,Bahrain Grand Prix,Bahrain International Circuit,Sakhir,Bahrain,2020-11-29,https://en.wikipedia.org/wiki/2020_Bahrain_Grand_Prix
16,2020,16,Sakhir Grand Prix,Bahrain International Circuit,Sakhir,Bahrain,2020-12-06,https://en.wikipedia.org/wiki/2020_Sakhir_Grand_Prix
17,2020,17,Abu Dhabi Grand Prix,Yas Marina Circuit,Abu Dhabi,UAE,2020-12-13,https://en.wikipedia.org/wiki/2020_Abu_Dhabi_Grand_Prix
18,2021,1,Bahrain Grand Prix,Bahrain International Circuit,Sakhir,Bahrain,2021-03-28,https://en.wikipedia.org/wiki/2021_Bahrain_Grand_Prix
19,2021,2,Emilia Romagna Grand Prix,Autodromo Enzo e Dino Ferrari,Imola,Italy,2021-04-18,https://en.wikipedia.org/wiki/2021_Emilia_Romagna_Grand_Prix
20,2021,3,Portuguese Grand Prix,Autódromo Internacional do Algarve,Portimão,Portugal,2021-05-02,https://en.wikipedia.org/wiki/2021_Portuguese_Grand_Prix
21,2021,4,Spanish Grand Prix,Circuit de Barcelona-Catalunya,Barcelona,Spain,2021-05-09,https://en.wikipedia.org/wiki/2021_Spanish_Grand_Prix
22,2021,5,Monaco Grand Prix,Circuit de Monaco,Monte Carlo,Monaco,2021-05-23,https://en.wikipedia.org/wiki/2021_Monaco_Grand_Prix
23,2021,6,Azerbaijan Grand Prix,Baku City Circuit,Baku,Azerbaijan,2021-06-06,https://en.wikipedia.org/wiki/2021_Azerbaijan_Grand_Prix
24,2021,7,French Grand Prix,Circuit Paul Ricard,Le Castellet,France,2021-06-20,https://en.wikipedia.org/wiki/2021_French_Grand_Prix
25,2021,8,Styrian Grand Prix,Red Bull Ring,Spielberg,Austria,2021-06-27,https://en.wikipedia.org/wiki/2021_Styrian_Grand_Prix
26,2021,9,Austrian Grand Prix,Red Bull Ring,Spielberg,Austria,2021-07-04,https://en.wikipedia.org/wiki/2021_Austrian_Grand_Prix
27,2021,10,British Grand Prix,Silverstone Circuit,Silverstone,UK,2021-07-18,https://en.wikipedia.org/wiki/2021_British_Grand_Prix
28,2021,11,Hungarian Grand Prix,Hungaroring,Budapest,Hungary,2021-08-01,https://en.wikipedia.org/wiki/2021_Hungarian_Grand_Prix
29,2021,12,Belgian Grand Prix,Circuit de Spa-Francorchamps,Spa,Belgium,2021-08-29,https://en.wikipedia.org/wiki/2021_Belgian_Grand_Prix
30,2021,13,Dutch Grand Prix,Circuit Park Zandvoort,Zandvoort,Netherlands,2021-09-05,https://en.wikipedia.org/wiki/2021_Dutch_Grand_Prix
31,2021,14,Italian Grand Prix,Autodromo Nazionale di Monza,Monza,Italy,2021-09-12,https://en.wikipedia.org/wiki/2021_Italian_Grand_Prix
32,2021,15,Russian Grand Prix,Sochi Autodrom,Sochi,Russia,2021-09-26,https://en.wikipedia.org/wiki/2021_Russian_Grand_Prix
33,2021,16,Turkish Grand Prix,Istanbul Park,Istanbul,Turkey,2021-10-10,https://en.wikipedia.org/wiki/2021_Turkish_Grand_Prix
34,2021,17,United States Grand Prix,Circuit of the Americas,Austin,USA,2021-10-24,https://en.wikipedia.org/wiki/2021_United_States_Grand_Prix
35,2021,18,Mexico City Grand Prix,Autódromo Hermanos Rodríguez,Mexico City,Mexico,2021-11-07,https://en.wikipedia.org/wiki/2021_Mexico_City_Grand_Prix
36,2021,19,São Paulo Grand Prix,Autódromo José Carlos Pace,São Paulo,Brazil,2021-11-14,https://en.wikipedia.org/wiki/2021_S%C3%A3o_Paulo_Grand_Prix
37,2021,20,Qatar Grand Prix,Losail International Circuit,Lusail,Qatar,2021-11-21,https://en.wikipedia.org/wiki/2021_Qatar_Grand_Prix
38,2021,21,Saudi Arabian Grand Prix,Jeddah Corniche Circuit,Jeddah,Saudi Arabia,2021-12-05,https://en.wikipedia.org/wiki/2021_Saudi_Arabian_Grand_Prix
39,2021,22,Abu Dhabi Grand Prix,Yas Marina Circuit,Abu Dhabi,UAE,2021-12-12,https://en.wikipedia.org/wiki/2021_Abu_Dhabi_Grand_Prix
40,2022,1,Bahrain Grand Prix,Bahrain International Circuit,Sakhir,Bahrain,2022-03-20,https://en.wikipedia.org/wiki/2022_Bahrain_Grand_Prix
41,2022,2,Saudi Arabian Grand Prix,Jeddah Corniche Circuit,Jeddah,Saudi Arabia,2022-03-27,https://en.wikipedia.org/wiki/2022_Saudi_Arabian_Grand_Prix
42,2022,3,Australian Grand Prix,Albert Park Grand Prix Circuit,Melbourne,Australia,2022-04-10,https://en.wikipedia.org/wiki/2022_Australian_Grand_Prix
43,2022,4,Emilia Romagna Grand Prix,Autodromo Enzo e Dino Ferrari,Imola,Italy,2022-04-24,https://en.wikipedia.org/wiki/2022_Emilia_Romagna_Grand_Prix
44,2022,5,Miami Grand Prix,Miami International Autodrome,Miami,USA,2022-05-08,https://en.wikipedia.org/wiki/2022_Miami_Grand_Prix
45,2022,6,Spanish Grand Prix,Circuit de Barcelona-Catalunya,Barcelona,Spain,2022-05-22,https://en.wikipedia.org/wiki/2022_Spanish_Grand_Prix
46,2022,7,Monaco Grand Prix,Circuit de Monaco,Monte Carlo,Monaco,2022-05-29,https://en.wikipedia.org/wiki/2022_Monaco_Grand_Prix
47,2022,8,Azerbaijan Grand Prix,Baku City Circuit,Baku,Azerbaijan,2022-06-12,https://en.wikipedia.org/wiki/2022_Azerbaijan_Grand_Prix
48,2022,9,Canadian Grand Prix,Circuit Gilles Villeneuve,Montreal,Canada,2022-06-19,https://en.wikipedia.org/wiki/2022_Canadian_Grand_Prix
49,2022,10,British Grand Prix,Silverstone Circuit,Silverstone,UK,2022-07-03,https://en.wikipedia.org/wiki/2022_British_Grand_Prix
50,2022,11,Austrian Grand Prix,Red Bull Ring,Spielberg,Austria,2022-07-10,https://en.wikipedia.org/wiki/2022_Austrian_Grand_Prix
51,2022,12,French Grand Prix,Circuit Paul Ricard,Le Castellet,France,2022-07-24,https://en.wikipedia.org/wiki/2022_French_Grand_Prix
52,2022,13,Hungarian Grand Prix,Hungaroring,Budapest,Hungary,2022-07-31,https://en.wikipedia.org/wiki/2022_Hungarian_Grand_Prix
53,2022,14,Belgian Grand Prix,Circuit de Spa-Francorchamps,Spa,Belgium,2022-08-28,https://en.wikipedia.org/wiki/2022_Belgian_Grand_Prix
54,2022,15,Dutch Grand Prix,Circuit Park Zandvoort,Zandvoort,Netherlands,2022-09-04,https://en.wikipedia.org/wiki/2022_Dutch_Grand_Prix
55,2022,16,Italian Grand Prix,Autodromo Nazionale di Monza,Monza,Italy,2022-09-11,https://en.wikipedia.org/wiki/2022_Italian_Grand_Prix
56,2022,17,Singapore Grand Prix,Marina Bay Street Circuit,Marina Bay,Singapore,2022-10-02,https://en.wikipedia.org/wiki/2022_Singapore_Grand_Prix
57,2022,18,Japanese Grand Prix,Suzuka Circuit,Suzuka,Japan,2022-10-09,https://en.wikipedia.org/wiki/2022_Japanese_Grand_Prix
58,2022,19,United States Grand Prix,Circuit of the Americas,Austin,USA,2022-10-23,https://en.wikipedia.org/wiki/2022_United_States_Grand_Prix
59,2022,20,Mexico City Grand Prix,Autódromo Hermanos Rodríguez,Mexico City,Mexico,2022-10-30,https://en.wikipedia.org/wiki/2022_Mexico_City_Grand_Prix
60,2022,21,São Paulo Grand Prix,Autódromo José Carlos Pace,São Paulo,Brazil,2022-11-13,https://en.wikipedia.org/wiki/2022_São_Paulo_Grand_Prix
61,2022,22,Abu Dhabi Grand Prix,Yas Marina Circuit,Abu Dhabi,UAE,2022-11-20,https://en.wikipedia.org/wiki/2022_Abu_Dhabi_Grand_Prix
62,2023,1,Bahrain Grand Prix,Bahrain International Circuit,Sakhir,Bahrain,2023-03-05,https://en.wikipedia.org/wiki/2023_Bahrain_Grand_Prix
63,2023,2,Saudi Arabian Grand Prix,Jeddah Corniche Circuit,Jeddah,Saudi Arabia,2023-03-19,https://en.wikipedia.org/wiki/2023_Saudi_Arabian_Grand_Prix
64,2023,3,Australian Grand Prix,Albert Park Grand Prix Circuit,Melbourne,Australia,2023-04-02,https://en.wikipedia.org/wiki/2023_Australian_Grand_Prix
65,2023,4,Azerbaijan Grand Prix,Baku City Circuit,Baku,Azerbaijan,2023-04-30,https://en.wikipedia.org/wiki/2023_Azerbaijan_Grand_Prix
66,2023,5,Miami Grand Prix,Miami International Autodrome,Miami,USA,2023-05-07,https://en.wikipedia.org/wiki/2023_Miami_Grand_Prix
67,2023,6,Monaco Grand Prix,Circuit de Monaco,Monte Carlo,Monaco,2023-05-28,https://en.wikipedia.org/wiki/2023_Monaco_Grand_Prix
68,2023,7,Spanish Grand Prix,Circuit de Barcelona-Catalunya,Barcelona,Spain,2023-06-04,https://en.wikipedia.org/wiki/2023_Spanish_Grand_Prix
69,2023,8,Canadian Grand Prix,Circuit Gilles Villeneuve,Montreal,Canada,2023-06-18,https://en.wikipedia.org/wiki/2023_Canadian_Grand_Prix
70,2023,9,Austrian Grand Prix,Red Bull Ring,Spielberg,Austria,2023-07-02,https://en.wikipedia.org/wiki/2023_Austrian_Grand_Prix
71,2023,10,British Grand Prix,Silverstone Circuit,Silverstone,UK,2023-07-09,https://en.wikipedia.org/wiki/2023_British_Grand_Prix
72,2023,11,Hungarian Grand Prix,Hungaroring,Budapest,Hungary,2023-07-23,https://en.wikipedia.org/wiki/2023_Hungarian_Grand_Prix
73,2023,12,Belgian Grand Prix,Circuit de Spa-Francorchamps,Spa,Belgium,2023-07-30,https://en.wikipedia.org/wiki/2023_Belgian_Grand_Prix
74,2023,13,Dutch Grand Prix,Circuit Park Zandvoort,Zandvoort,Netherlands,2023-08-27,https://en.wikipedia.org/wiki/2023_Dutch_Grand_Prix
75,2023,14,Italian Grand Prix,Autodromo Nazionale di Monza,Monza,Italy,2023-09-03,https://en.wikipedia.org/wiki/2023_Italian_Grand_Prix
76,2023,15,Singapore Grand Prix,Marina Bay Street Circuit,Marina Bay,Singapore,2023-09-17,https://en.wikipedia.org/wiki/2023_Singapore_Grand_Prix
77,2023,16,Japanese Grand Prix,Suzuka Circuit,Suzuka,Japan,2023-09-24,https://en.wikipedia.org/wiki/2023_Japanese_Grand_Prix
78,2023,17,Qatar Grand Prix,Losail International Circuit,Lusail,Qatar,2023-10-08,https://en.wikipedia.org/wiki/2023_Qatar_Grand_Prix
79,2023,18,United States Grand Prix,Circuit of the Americas,Austin,USA,2023-10-22,https://en.wikipedia.org/wiki/2023_United_States_Grand_Prix
80,2023,19,Mexico City Grand Prix,Autódromo Hermanos Rodríguez,Mexico City,Mexico,2023-10-29,https://en.wikipedia.org/wiki/2023_Mexico_City_Grand_Prix
81,2023,20,São Paulo Grand Prix,Autódromo José Carlos Pace,São Paulo,Brazil,2023-11-05,https://en.wikipedia.org/wiki/2023_S%C3%A3o_Paulo_Grand_Prix
82,2023,21,Las Vegas Grand Prix,Las Vegas Strip Street Circuit,Las Vegas,USA,2023-11-19,https://en.wikipedia.org/wiki/2023_Las_Vegas_Grand_Prix
83,2023,22,Abu Dhabi Grand Prix,Yas Marina Circuit,Abu Dhabi,UAE,2023-11-26,https://en.wikipedia.org/wiki/2023_Abu_Dhabi_Grand_Prix
456,2024,1,Bahrain Grand Prix,Bahrain International Circuit,Sakhir,Bahrain,2024-03-02,https://en.wikipedia.org/wiki/2024_Bahrain_Grand_Prix
457,2024,2,Saudi Arabian Grand Prix,Jeddah Corniche Circuit,Jeddah,Saudi Arabia,2024-03-09,https://en.wikipedia.org/wiki/2024_Saudi_Arabian_Grand_Prix
458,2024,3,Australian Grand Prix,Albert Park Grand Prix Circuit,Melbourne,Australia,2024-03-24,https://en.wikipedia.org/wiki/2024_Australian_Grand_Prix
459,2024,4,Japanese Grand Prix,Suzuka Circuit,Suzuka,Japan,2024-04-07,https://en.wikipedia.org/wiki/2024_Japanese_Grand_Prix
460,2024,5,Chinese Grand Prix,Shanghai International Circuit,Shanghai,China,2024-04-21,https://en.wikipedia.org/wiki/2024_Chinese_Grand_Prix
461,2024,6,Miami Grand Prix,Miami International Autodrome,Miami,USA,2024-05-05,https://en.wikipedia.org/wiki/2024_Miami_Grand_Prix
462,2024,7,Emilia Romagna Grand Prix,Autodromo Enzo e Dino Ferrari,Imola,Italy,2024-05-19,https://en.wikipedia.org/wiki/2024_Emilia_Romagna_Grand_Prix
463,2024,8,Monaco Grand Prix,Circuit de Monaco,Monte Carlo,Monaco,2024-05-26,https://en.wikipedia.org/wiki/2024_Monaco_Grand_Prix
464,2024,9,Canadian Grand Prix,Circuit Gilles Villeneuve,Montreal,Canada,2024-06-09,https://en.wikipedia.org/wiki/2024_Canadian_Grand_Prix
465,2024,10,Spanish Grand Prix,Circuit de Barcelona-Catalunya,Barcelona,Spain,2024-06-23,https://en.wikipedia.org/wiki/2024_Spanish_Grand_Prix
466,2024,11,Austrian Grand Prix,Red Bull Ring,Spielberg,Austria,2024-06-30,https://en.wikipedia.org/wiki/2024_Austrian_Grand_Prix
467,2024,12,British Grand Prix,Silverstone Circuit,Silverstone,UK,2024-07-07,https://en.wikipedia.org/wiki/2024_British_Grand_Prix
468,2024,13,Hungarian Grand Prix,Hungaroring,Budapest,Hungary,2024-07-21,https://en.wikipedia.org/wiki/2024_Hungarian_Grand_Prix
469,2024,14,Belgian Grand Prix,Circuit de Spa-Francorchamps,Spa,Belgium,2024-07-28,https://en.wikipedia.org/wiki/2024_Belgian_Grand_Prix
470,2024,15,Dutch Grand Prix,Circuit Park Zandvoort,Zandvoort,Netherlands,2024-08-25,https://en.wikipedia.org/wiki/2024_Dutch_Grand_Prix
471,2024,16,Italian Grand Prix,Autodromo Nazionale di Monza,Monza,Italy,2024-09-01,https://en.wikipedia.org/wiki/2024_Italian_Grand_Prix
472,2024,17,Azerbaijan Grand Prix,Baku City Circuit,Baku,Azerbaijan,2024-09-15,https://en.wikipedia.org/wiki/2024_Azerbaijan_Grand_Prix
473,2024,18,Singapore Grand Prix,Marina Bay Street Circuit,Marina Bay,Singapore,2024-09-22,https://en.wikipedia.org/wiki/2024_Singapore_Grand_Prix
474,2024,19,United States Grand Prix,Circuit of the Americas,Austin,USA,2024-10-20,https://en.wikipedia.org/wiki/2024_United_States_Grand_Prix
475,2024,20,Mexico City Grand Prix,Autódromo Hermanos Rodríguez,Mexico City,Mexico,2024-10-27,https://en.wikipedia.org/wiki/2024_Mexico_City_Grand_Prix
476,2024,21,São Paulo Grand Prix,Autódromo José Carlos Pace,São Paulo,Brazil,2024-11-03,https://en.wikipedia.org/wiki/2024_S%C3%A3o_Paulo_Grand_Prix
477,2024,22,Las Vegas Grand Prix,Las Vegas Strip Street Circuit,Las Vegas,USA,2024-11-23,https://en.wikipedia.org/wiki/2024_Las_Vegas_Grand_Prix
478,2024,23,Qatar Grand Prix,Losail International Circuit,Lusail,Qatar,2024-12-01,https://en.wikipedia.org/wiki/2024_Qatar_Grand_Prix
479,2024,24,Abu Dhabi Grand Prix,Yas Marina Circuit,Abu Dhabi,UAE,2024-12-08,https://en.wikipedia.org/wiki/2024_Abu_Dhabi_Grand_Prix
480,2025,1,Australian Grand Prix,Albert Park Grand Prix Circuit,Melbourne,Australia,2025-03-16,https://en.wikipedia.org/wiki/2025_Australian_Grand_Prix
481,2025,2,Chinese Grand Prix,Shanghai International Circuit,Shanghai,China,2025-03-23,https://en.wikipedia.org/wiki/2025_Chinese_Grand_Prix
482,2025,3,Japanese Grand Prix,Suzuka Circuit,Suzuka,Japan,2025-04-06,https://en.wikipedia.org/wiki/2025_Japanese_Grand_Prix
483,2025,4,Bahrain Grand Prix,Bahrain International Circuit,Sakhir,Bahrain,2025-04-13,https://en.wikipedia.org/wiki/2025_Bahrain_Grand_Prix
484,2025,5,Saudi Arabian Grand Prix,Jeddah Corniche Circuit,Jeddah,Saudi Arabia,2025-04-20,https://en.wikipedia.org/wiki/2025_Saudi_Arabian_Grand_Prix
485,2025,6,Miami Grand Prix,Miami International Autodrome,Miami,USA,2025-05-04,https://en.wikipedia.org/wiki/2025_Miami_Grand_Prix
486,2025,7,Emilia Romagna Grand Prix,Autodromo Enzo e Dino Ferrari,Imola,Italy,2025-05-18,https://en.wikipedia.org/wiki/2025_Emilia_Romagna_Grand_Prix
487,2025,8,Monaco Grand Prix,Circuit de Monaco,Monte Carlo,Monaco,2025-05-25,https://en.wikipedia.org/wiki/2025_Monaco_Grand_Prix
488,2025,9,Spanish Grand Prix,Circuit de Barcelona-Catalunya,Barcelona,Spain,2025-06-01,https://en.wikipedia.org/wiki/2025_Spanish_Grand_Prix
489,2025,10,Canadian Grand Prix,Circuit Gilles Villeneuve,Montreal,Canada,2025-06-15,https://en.wikipedia.org/wiki/2025_Canadian_Grand_Prix
490,2025,11,Austrian Grand Prix,Red Bull Ring,Spielberg,Austria,2025-06-29,https://en.wikipedia.org/wiki/2025_Austrian_Grand_Prix
491,2025,12,British Grand Prix,Silverstone Circuit,Silverstone,UK,2025-07-06,https://en.wikipedia.org/wiki/2025_British_Grand_Prix
492,2025,13,Belgian Grand Prix,Circuit de Spa-Francorchamps,Spa,Belgium,2025-07-27,https://en.wikipedia.org/wiki/2025_Belgian_Grand_Prix
493,2025,14,Hungarian Grand Prix,Hungaroring,Budapest,Hungary,2025-08-03,https://en.wikipedia.org/wiki/2025_Hungarian_Grand_Prix
494,2025,15,Dutch Grand Prix,Circuit Park Zandvoort,Zandvoort,Netherlands,2025-08-31,https://en.wikipedia.org/wiki/2025_Dutch_Grand_Prix
495,2025,16,Italian Grand Prix,Autodromo Nazionale di Monza,Monza,Italy,2025-09-07,https://en.wikipedia.org/wiki/2025_Italian_Grand_Prix
496,2025,17,Azerbaijan Grand Prix,Baku City Circuit,Baku,Azerbaijan,2025-09-21,https://en.wikipedia.org/wiki/2025_Azerbaijan_Grand_Prix
497,2025,18,Singapore Grand Prix,Marina Bay Street Circuit,Marina Bay,Singapore,2025-10-05,https://en.wikipedia.org/wiki/2025_Singapore_Grand_Prix
498,2025,19,United States Grand Prix,Circuit of the Americas,Austin,USA,2025-10-19,https://en.wikipedia.org/wiki/2025_United_States_Grand_Prix
499,2025,20,Mexico City Grand Prix,Autódromo Hermanos Rodríguez,Mexico City,Mexico,2025-10-26,https://en.wikipedia.org/wiki/2025_Mexico_City_Grand_Prix
500,2025,21,São Paulo Grand Prix,Autódromo José Carlos Pace,São Paulo,Brazil,2025-11-09,https://en.wikipedia.org/wiki/2025_S%C3%A3o_Paulo_Grand_Prix
501,2025,22,Las Vegas Grand Prix,Las Vegas Strip Street Circuit,Las Vegas,USA,2025-11-23,https://en.wikipedia.org/wiki/2025_Las_Vegas_Grand_Prix
502,2025,23,Qatar Grand Prix,Losail International Circuit,Lusail,Qatar,2025-11-30,https://en.wikipedia.org/wiki/2025_Qatar_Grand_Prix
503,2025,24,Abu Dhabi Grand Prix,Yas Marina Circuit,Abu Dhabi,UAE,2025-12-07,https://en.wikipedia.org/wiki/2025_Abu_Dhabi_Grand_Prix
